time,gsr,ecg
0.00,,327
8.00,,325
25.00,,333
44.00,,341
62.00,,339
81.00,,339
100.00,,341
119.00,,340
140.00,,343
159.00,,341
179.00,,338
198.00,,354
219.00,,356
238.00,,344
258.00,,337
278.00,,334
297.00,,333
317.00,,361
337.00,,509
357.00,,217
376.00,,298
396.00,,338
416.00,,358
436.00,,356
455.00,,366
476.00,,382
495.00,,387
515.00,,399
535.00,,396
555.00,,378
574.00,,342
593.00,,336
614.00,,311
633.00,,319
653.00,,317
673.00,,331
693.00,,327
712.00,,321
733.00,,323
752.00,,325
772.00,,317
791.00,,325
812.00,,338
831.00,,359
850.00,,351
871.00,,328
890.00,,342
910.00,,325
929.00,,393
950.00,,489
969.00,,237
989.00,,316
1009.00,,343
1030.00,,354
1050.00,,364
1072.00,,366
1092.00,,374
1113.00,,391
1134.00,,396
1155.00,,385
1175.00,,356
1196.00,,334
1217.00,,324
1238.00,,325
1258.00,,332
1280.00,,340
1300.00,,341
1320.00,,340
1342.00,,342
1362.00,,342
1383.00,,352
1404.00,,344
1425.00,,359
1445.00,,359
1467.00,,338
1487.00,,323
1508.00,,324
1528.00,,335
1550.00,,525
1570.00,,216
1591.00,,290
1612.00,,332
1633.00,,348
1653.00,,357
1675.00,,365
1695.00,,379
1716.00,,405
1737.00,,410
1758.00,,402
1778.00,,382
1800.00,,346
1820.00,,340
1841.00,,345
1861.00,,337
1883.00,,351
1903.00,,355
1924.00,,355
1945.00,,345
1966.00,,345
1986.00,,346
2008.00,,351
2028.00,,360
2049.00,,364
2070.00,,343
2091.00,,328
2111.00,,332
2132.00,,339
2153.00,,551
2173.00,,217
2194.00,,297
2215.00,,350
2236.00,,374
2256.00,,369
2278.00,,388
2298.00,,397
2319.00,,422
2340.00,,432
2361.00,,418
2381.00,,383
2403.00,,362
2423.00,,344
2444.00,,337
2465.00,,344
2486.00,,341
2506.00,,341
2527.00,,338
2548.00,,337
2569.00,,336
2589.00,,332
2611.00,,340
2631.00,,357
2652.00,,349
2673.00,,334
2694.00,,325
2714.00,,328
2736.00,,402
2756.00,,467
2777.00,,241
2798.00,,342
2819.00,,369
2839.00,,376
2860.00,,387
2881.00,,406
2902.00,,415
2922.00,,426
2944.00,,425
2964.00,,408
2984.00,,378
3006.00,,340
3026.00,,333
3047.00,,326
3068.00,,332
3089.00,,333
3109.00,,334
3131.00,,337
3151.00,,328
3172.00,,326
3192.00,,335
3214.00,,349
3234.00,,351
3255.00,,340
3276.00,,325
3297.00,,334
3317.00,,357
3339.00,,550
3359.00,,230
3380.00,,309
3401.00,,365
3422.00,,371
3442.00,,387
3464.00,,390
3484.00,,403
3505.00,,419
3525.00,,419
3547.00,,398
3567.00,,367
3588.00,,330
3609.00,,317
3630.00,,309
3650.00,,319
3672.00,,322
3692.00,,323
3713.00,,325
3734.00,,329
3755.00,,330
3775.00,,338
3796.00,,352
3817.00,,363
3837.00,,337
3858.00,,339
3879.00,,347
3900.00,,346
3920.00,,568
3942.00,,235
3962.00,,315
3983.00,,366
4004.00,,371
4025.00,,374
4045.00,,385
4067.00,,390
4087.00,,408
4108.00,,409
4129.00,,396
4150.00,,363
4170.00,,329
4191.00,,308
4212.00,,302
4233.00,,311
4253.00,,315
4275.00,,317
4295.00,,323
4316.00,,326
4337.00,,329
4358.00,,345
4378.00,,353
4400.00,,352
4420.00,,341
4441.00,,335
4462.00,,322
4483.00,,472
4503.00,,352
4524.00,,265
4545.00,,334
4566.00,,351
4586.00,,355
4608.00,,365
4628.00,,367
4648.00,,386
4670.00,,388
4690.00,,393
4711.00,,366
4732.00,,325
4753.00,,309
4773.00,,302
4795.00,,299
4815.00,,313
4836.00,,312
4856.00,,329
4878.00,,324
4898.00,,337
4919.00,,355
4940.00,,361
4961.00,,346
4981.00,,331
5003.00,,338
5023.00,,314
5044.00,,524
5065.00,,270
5086.00,,267
5106.00,,341
5128.00,,343
5148.00,,349
5169.00,,352
5189.00,,365
5211.00,,378
5231.00,,387
5252.00,,375
5273.00,,351
5294.00,,327
5314.00,,309
5336.00,,307
5356.00,,320
5377.00,,320
5398.00,,333
5419.00,,341
5439.00,,351
5460.00,,350
5481.00,,365
5501.00,,367
5522.00,,362
5543.00,,338
5564.00,,342
5584.00,,322
5606.00,,500
5626.00,,331
5647.00,,257
5668.00,,337
5689.00,,349
5709.00,,351
5731.00,,357
5751.00,,368
5772.00,,383
5793.00,,395
5814.00,,388
5834.00,,375
5855.00,,338
5876.00,,327
5897.00,,331
5917.00,,325
5939.00,,328
5959.00,,347
5980.00,,338
6001.00,,341
6022.00,,348
6042.00,,359
6064.00,,379
6084.00,,379
6105.00,,358
6126.00,,347
6147.00,,335
6167.00,,336
6188.00,,536
6209.00,,211
6230.00,,271
6250.00,,317
6272.00,,324
6292.00,,334
6312.00,,339
6334.00,,363
6354.00,,368
6375.00,,372
6396.00,,362
6417.00,,333
6437.00,,312
6459.00,,296
6479.00,,306
6500.00,,313
6520.00,,321
6542.00,,314
6562.00,,323
6583.00,,324
6604.00,,326
6625.00,,313
6645.00,,334
6667.00,,338
6687.00,,314
6708.00,,304
6729.00,,304
6750.00,,293
6770.00,,506
6792.00,,202
6812.00,,256
6833.00,,319
6853.00,,340
6875.00,,341
6895.00,,351
6916.00,,360
6937.00,,383
6958.00,,401
6978.00,,392
7000.00,,371
7020.00,,347
7041.00,,334
7062.00,,341
7083.00,,338
7103.00,,346
7124.00,,346
7145.00,,353
7165.00,,347
7186.00,,345
7207.00,,346
7228.00,,356
7248.00,,364
7270.00,,336
7290.00,,324
7311.00,,322
7332.00,,339
7353.00,,531
7373.00,,195
7395.00,,294
7415.00,,341
7436.00,,351
7457.00,,364
7478.00,,368
7498.00,,387
7519.00,,401
7540.00,,412
7561.00,,408
7581.00,,365
7603.00,,339
7623.00,,328
7644.00,,324
7665.00,,329
7686.00,,331
7706.00,,334
7728.00,,332
7748.00,,324
7769.00,,325
7790.00,,330
7811.00,,347
7831.00,,341
7852.00,,325
7873.00,,317
7894.00,,316
7914.00,,302
7936.00,,521
7956.00,,216
7976.00,,278
7998.00,,351
8018.00,,353
8039.00,,369
8060.00,,382
8081.00,,394
8101.00,,410
8123.00,,421
8143.00,,407
8164.00,,383
8184.00,,346
8206.00,,337
8226.00,,337
8247.00,,334
8268.00,,341
8289.00,,337
8309.00,,334
8331.00,,332
8351.00,,327
8372.00,,339
8393.00,,347
8414.00,,347
8434.00,,327
8456.00,,312
8476.00,,335
8497.00,,336
8517.00,,532
8539.00,,213
8559.00,,309
8580.00,,364
8601.00,,378
8622.00,,381
8642.00,,396
8664.00,,417
8684.00,,423
8705.00,,433
8726.00,,422
8747.00,,389
8767.00,,364
8788.00,,341
8809.00,,341
8829.00,,328
8850.00,,336
8871.00,,341
8892.00,,343
8912.00,,333
8934.00,,333
8954.00,,344
8975.00,,351
8996.00,,353
9017.00,,337
9037.00,,337
9059.00,,336
9079.00,,358
9100.00,,539
9121.00,,232
9142.00,,342
9162.00,,367
9183.00,,377
9204.00,,381
9225.00,,396
9245.00,,401
9267.00,,412
9287.00,,407
9308.00,,397
9329.00,,357
9350.00,,330
9370.00,,317
9392.00,,307
9412.00,,311
9433.00,,311
9454.00,,313
9475.00,,316
9495.00,,308
9516.00,,314
9537.00,,324
9558.00,,340
9578.00,,333
9600.00,,324
9620.00,,320
9640.00,,310
9662.00,,472
9682.00,,298
9703.00,,245
9724.00,,326
9745.00,,328
9765.00,,336
9787.00,,338
9807.00,,345
9828.00,,362
9848.00,,371
9870.00,,364
9890.00,,343
9911.00,,309
9932.00,,291
9953.00,,291
9973.00,,296
9995.00,,305
10015.00,,316
10037.00,,328
10059.00,,343
10081.00,,353
10102.00,,355
10125.00,,366
10146.00,,353
10168.00,,335
10190.00,,329
10212.00,,304
10233.00,,516
10256.00,,237
10277.00,,295
10299.00,,351
10321.00,,373
10343.00,,378
10364.00,,396
10387.00,,386
10408.00,,391
10430.00,,389
10452.00,,377
10474.00,,346
10496.00,,329
10518.00,,331
10540.00,,343
10561.00,,368
10584.00,,360
10605.00,,351
10627.00,,349
10648.00,,341
10671.00,,340
10692.00,,351
10714.00,,354
10736.00,,343
10758.00,,339
10779.00,,343
10802.00,,406
10823.00,,473
10845.00,,261
10867.00,,349
10889.00,,356
10910.00,,362
10933.00,,368
10954.00,,380
10976.00,,401
10998.00,,419
11020.00,,415
11041.00,,395
11064.00,,371
11085.00,,340
11107.00,,334
11129.00,,327
11151.00,,328
11172.00,,333
11195.00,,335
11216.00,,349
11238.00,,354
11260.00,,369
11282.00,,385
11303.00,,380
11326.00,,348
11347.00,,340
11369.00,,314
11392.00,,529
11413.00,,215
11435.00,,291
11457.00,,346
11479.00,,375
11500.00,,385
11523.00,,400
11544.00,,405
11566.00,,416
11588.00,,406
11610.00,,392
11631.00,,359
11654.00,,324
11675.00,,327
11697.00,,333
11719.00,,350
11741.00,,352
11762.00,,361
11785.00,,357
11806.00,,355
11828.00,,338
11850.00,,353
11872.00,,360
11893.00,,337
11916.00,,329
11937.00,,337
11959.00,,360
11981.00,,535
12003.00,,248
12024.00,,341
12046.00,,367
12068.00,,370
12090.00,,361
12111.00,,370
12134.00,,392
12155.00,,396
12177.00,,398
12199.00,,384
12221.00,,363
12242.00,,344
12265.00,,339
12286.00,,331
12308.00,,332
12331.00,,327
12352.00,,314
12374.00,,321
12396.00,,329
12418.00,,355
12439.00,,358
12462.00,,362
12483.00,,333
12505.00,,337
12527.00,,328
12549.00,,527
12570.00,,212
12593.00,,282
12614.00,,332
12636.00,,341
12658.00,,361
12680.00,,381
12701.00,,394
12724.00,,401
12745.00,,396
12767.00,,371
12789.00,,342
12811.00,,314
12832.00,,304
12855.00,,312
12876.00,,340
12898.00,,343
12920.00,,353
12942.00,,353
12963.00,,358
12986.00,,364
13007.00,,371
13029.00,,341
13051.00,,322
13073.00,,330
13094.00,,329
13117.00,,534
13138.00,,232
13160.00,,322
13182.00,,373
13204.00,,374
13225.00,,373
13248.00,,376
13270.00,,393
13291.00,,381
13314.00,,371
13335.00,,358
13357.00,,337
13379.00,,329
13401.00,,340
13422.00,,341
13444.00,,346
13466.00,,348
13488.00,,327
13509.00,,323
13532.00,,318
13553.00,,327
13575.00,,344
13597.00,,323
13619.00,,327
13640.00,,327
13663.00,,429
13684.00,,389
13706.00,,259
13728.00,,335
13750.00,,337
13771.00,,339
13794.00,,353
13815.00,,360
13837.00,,382
13859.00,,404
13881.00,,396
13902.00,,364
13925.00,,332
13946.00,,323
13968.00,,316
13990.00,,318
14012.00,,320
14033.00,,322
14056.00,,328
14077.00,,341
14099.00,,361
14121.00,,376
14143.00,,371
14164.00,,347
14187.00,,353
14209.00,,349
14230.00,,559
14253.00,,221
14274.00,,323
14296.00,,364
14318.00,,383
14340.00,,399
14361.00,,420
14384.00,,442
14405.00,,463
14427.00,,455
14449.00,,431
14471.00,,390
14492.00,,369
14515.00,,373
14536.00,,383
14558.00,,392
14580.00,,415
14602.00,,416
14623.00,,423
14646.00,,432
14667.00,,438
14689.00,,426
14711.00,,397
14733.00,,402
14754.00,,398
14777.00,,534
14798.00,,416
14820.00,,362
14841.00,,454
14864.00,,466
14885.00,,472
14907.00,,480
14929.00,,480
14951.00,,492
14972.00,,487
14995.00,,471
15016.00,,438
15038.00,,415
15060.00,,415
15082.00,,412
15104.00,,408
15126.00,,393
15148.00,,389
15169.00,,376
15192.00,,362
15213.00,,359
15235.00,,351
15257.00,,349
15279.00,,333
15300.00,,331
15323.00,,322
15344.00,,428
15366.00,,341
15388.00,,242
15410.00,,314
15431.00,,302
15454.00,,215
15475.00,,161
15497.00,,139
15519.00,,148
15541.00,,137
15562.00,,117
15585.00,,91
15605.00,,59
15626.00,,49
15647.00,,41
15668.00,,40
15688.00,,50
15710.00,,49
15730.00,,51
15751.00,,61
15771.00,,62
15793.00,,80
15813.00,,97
15834.00,,109
15856.00,,94
15877.00,,91
15897.00,,106
15920.00,,169
15941.00,,263
15963.00,,55
15984.00,,158
16006.00,,185
16027.00,,195
16050.00,,211
16071.00,,223
16093.00,,247
16115.00,,263
16137.00,,263
16158.00,,253
16181.00,,242
16202.00,,243
16224.00,,249
16246.00,,258
16268.00,,268
16289.00,,264
16312.00,,272
16333.00,,267
16355.00,,269
16377.00,,265
16399.00,,285
16420.00,,292
16443.00,,286
16464.00,,256
16486.00,,253
16508.00,,262
16530.00,,414
16551.00,,122
16574.00,,211
16595.00,,247
16617.00,,267
16640.00,,284
16661.00,,306
16683.00,,340
16704.00,,362
16727.00,,366
16748.00,,324
16770.00,,293
16792.00,,279
16814.00,,279
16835.00,,289
16858.00,,314
16879.00,,327
16901.00,,345
16923.00,,357
16945.00,,366
16966.00,,363
16989.00,,361
17010.00,,363
17032.00,,373
17054.00,,387
17076.00,,370
17097.00,,375
17120.00,,394
17141.00,,448
17163.00,,540
17185.00,,322
17207.00,,413
17228.00,,427
17251.00,,418
17272.00,,426
17294.00,,444
17316.00,,465
17338.00,,479
17359.00,,489
17382.00,,467
17403.00,,436
17425.00,,427
17447.00,,409
17469.00,,408
17490.00,,414
17513.00,,415
17534.00,,415
17556.00,,417
17579.00,,427
17600.00,,442
17622.00,,448
17644.00,,448
17666.00,,449
17687.00,,451
17710.00,,456
17731.00,,447
17753.00,,435
17775.00,,420
17797.00,,423
17818.00,,442
17841.00,,610
17862.00,,327
17884.00,,421
17906.00,,449
17928.00,,457
17949.00,,444
17972.00,,447
17993.00,,449
18015.00,,467
18036.00,,465
18059.00,,454
18080.00,,422
18102.00,,410
18124.00,,414
18146.00,,400
18167.00,,403
18190.00,,401
18211.00,,394
18233.00,,391
18255.00,,390
18277.00,,390
18298.00,,403
18321.00,,405
18342.00,,410
18364.00,,410
18386.00,,425
18408.00,,421
18429.00,,390
18452.00,,368
18473.00,,357
18495.00,,438
18518.00,,484
18539.00,,289
18561.00,,384
18583.00,,404
18605.00,,413
18626.00,,417
18649.00,,424
18670.00,,432
18692.00,,430
18714.00,,430
18736.00,,388
18757.00,,370
18780.00,,362
18801.00,,367
18823.00,,375
18845.00,,376
18867.00,,380
18888.00,,377
18911.00,,367
18932.00,,361
18954.00,,360
18976.00,,364
18998.00,,372
19019.00,,399
19042.00,,412
19063.00,,397
19085.00,,384
19107.00,,377
19129.00,,398
19150.00,,549
19173.00,,255
19194.00,,343
19216.00,,378
19238.00,,397
19260.00,,411
19281.00,,429
19304.00,,446
19325.00,,451
19347.00,,441
19369.00,,404
19391.00,,371
19412.00,,342
19435.00,,345
19457.00,,345
19478.00,,367
19500.00,,372
19522.00,,384
19544.00,,379
19565.00,,372
19588.00,,366
19609.00,,360
19631.00,,362
19653.00,,378
19675.00,,382
19696.00,,368
19719.00,,361
19740.00,,372
19762.00,,393
19784.00,,573
19806.00,,265
19827.00,,356
19850.00,,374
19871.00,,378
19893.00,,385
19915.00,,395
19937.00,,420
19958.00,,443
19981.00,,442
20002.00,,427
20024.00,,389
20046.00,,367
20068.00,,349
20089.00,,343
20112.00,,343
20133.00,,340
20155.00,,345
20177.00,,346
20199.00,,353
20220.00,,362
20243.00,,364
20264.00,,381
20286.00,,381
20308.00,,369
20330.00,,341
20352.00,,333
20374.00,,312
20396.00,,502
20417.00,,287
20440.00,,286
20461.00,,354
20483.00,,372
20505.00,,387
20527.00,,381
20548.00,,387
20571.00,,395
20592.00,,392
20614.00,,377
20636.00,,346
20658.00,,320
20679.00,,321
20702.00,,322
20723.00,,328
20745.00,,334
20767.00,,332
20789.00,,331
20810.00,,318
20833.00,,323
20854.00,,311
20876.00,,318
20897.00,,345
20920.00,,356
20941.00,,338
20963.00,,330
20985.00,,326
21007.00,,352
21028.00,,476
21051.00,,209
21072.00,,297
21094.00,,311
21116.00,,321
21138.00,,340
21159.00,,358
21182.00,,382
21203.00,,390
21225.00,,385
21248.00,,355
21269.00,,314
21291.00,,290
21313.00,,281
21335.00,,280
21356.00,,291
21379.00,,308
21400.00,,334
21422.00,,339
21444.00,,341
21466.00,,344
21487.00,,332
21510.00,,345
21531.00,,347
21553.00,,325
21575.00,,312
21597.00,,311
21618.00,,394
21641.00,,439
21662.00,,259
21684.00,,345
21706.00,,356
21728.00,,366
21749.00,,371
21772.00,,377
21793.00,,396
21815.00,,405
21837.00,,402
21859.00,,381
21880.00,,362
21903.00,,349
21924.00,,344
21946.00,,351
21968.00,,342
21990.00,,344
22011.00,,348
22034.00,,340
22055.00,,346
22077.00,,344
22099.00,,357
22121.00,,382
22142.00,,390
22165.00,,378
22187.00,,371
22208.00,,352
22231.00,,447
22252.00,,399
22274.00,,258
22295.00,,341
22318.00,,364
22339.00,,381
22361.00,,398
22383.00,,411
22405.00,,422
22426.00,,431
22449.00,,417
22470.00,,376
22492.00,,339
22514.00,,332
22536.00,,330
22557.00,,334
22580.00,,360
22601.00,,366
22623.00,,377
22645.00,,372
22667.00,,363
22688.00,,367
22711.00,,363
22732.00,,368
22754.00,,360
22776.00,,354
22798.00,,360
22819.00,,357
22842.00,,602
22863.00,,269
22885.00,,337
22907.00,,394
22929.00,,388
22950.00,,390
22973.00,,400
22994.00,,401
23016.00,,415
23038.00,,425
23060.00,,418
23081.00,,390
23104.00,,367
23126.00,,360
23147.00,,352
23170.00,,361
23191.00,,343
23213.00,,344
23235.00,,340
23257.00,,344
23278.00,,350
23301.00,,359
23322.00,,388
23344.00,,373
23366.00,,358
23388.00,,346
23409.00,,317
23432.00,,537
23453.00,,228
23475.00,,294
23497.00,,342
23519.00,,346
23540.00,,356
23563.00,,385
23584.00,,401
23606.00,,409
23627.00,,413
23650.00,,381
23671.00,,339
23693.00,,313
23715.00,,313
23737.00,,308
23758.00,,328
23781.00,,334
23802.00,,347
23824.00,,349
23846.00,,342
23868.00,,339
23889.00,,333
23912.00,,349
23933.00,,352
23955.00,,345
23977.00,,326
23999.00,,336
24020.00,,319
24043.00,,550
24065.00,,239
24086.00,,312
24109.00,,352
24130.00,,344
24152.00,,348
24174.00,,358
24196.00,,374
24217.00,,388
24240.00,,405
24261.00,,402
24283.00,,376
24305.00,,343
24327.00,,333
24348.00,,329
24371.00,,320
24392.00,,319
24414.00,,314
24436.00,,313
24458.00,,328
24479.00,,340
24502.00,,344
24523.00,,339
24545.00,,366
24567.00,,367
24589.00,,349
24610.00,,314
24633.00,,318
24654.00,,307
24676.00,,525
24698.00,,207
24720.00,,314
24741.00,,375
24764.00,,374
24785.00,,382
24807.00,,382
24829.00,,380
24851.00,,387
24872.00,,383
24895.00,,378
24916.00,,345
24938.00,,340
24961.00,,337
24982.00,,349
25004.00,,356
25025.00,,348
25048.00,,347
25069.00,,340
25091.00,,340
25113.00,,338
25135.00,,331
25156.00,,357
25179.00,,382
25200.00,,375
25222.00,,369
25244.00,,376
25266.00,,355
25287.00,,550
25310.00,,279
25331.00,,309
25353.00,,372
25375.00,,381
25397.00,,387
25418.00,,407
25441.00,,425
25462.00,,451
25484.00,,456
25506.00,,438
25528.00,,403
25549.00,,366
25572.00,,353
25593.00,,349
25615.00,,354
25637.00,,361
25659.00,,377
25680.00,,371
25703.00,,381
25724.00,,382
25746.00,,387
25768.00,,384
25790.00,,381
25811.00,,354
25834.00,,348
25856.00,,349
25877.00,,455
25900.00,,411
25921.00,,292
25943.00,,381
25965.00,,394
25987.00,,397
26008.00,,401
26031.00,,410
26052.00,,411
26074.00,,411
26096.00,,401
26118.00,,382
26139.00,,361
26162.00,,367
26183.00,,356
26205.00,,363
26227.00,,353
26249.00,,356
26270.00,,350
26293.00,,341
26314.00,,343
26336.00,,365
26358.00,,373
26380.00,,359
26401.00,,362
26423.00,,373
26445.00,,394
26467.00,,549
26488.00,,269
26511.00,,335
26532.00,,359
26554.00,,371
26576.00,,380
26598.00,,395
26619.00,,418
26642.00,,437
26663.00,,426
26685.00,,402
26707.00,,376
26729.00,,355
26750.00,,352
26773.00,,342
26795.00,,346
26816.00,,349
26839.00,,359
26860.00,,362
26882.00,,374
26904.00,,393
26926.00,,391
26947.00,,361
26970.00,,348
26991.00,,332
27013.00,,360
27035.00,,474
27057.00,,241
27078.00,,329
27101.00,,346
27122.00,,328
27144.00,,323
27166.00,,317
27188.00,,317
27209.00,,311
27232.00,,299
27253.00,,261
27275.00,,223
27297.00,,203
27319.00,,204
27340.00,,214
27363.00,,223
27384.00,,217
27406.00,,217
27428.00,,208
27450.00,,214
27471.00,,226
27494.00,,215
27515.00,,198
27537.00,,196
27559.00,,213
27581.00,,311
27602.00,,291
27625.00,,165
27646.00,,257
27668.00,,262
27691.00,,263
27712.00,,273
27734.00,,277
27756.00,,290
27778.00,,307
27799.00,,310
27821.00,,286
27843.00,,272
27865.00,,256
27886.00,,258
27909.00,,258
27930.00,,264
27952.00,,269
27974.00,,258
27996.00,,262
28017.00,,279
28040.00,,286
28061.00,,292
28083.00,,278
28105.00,,274
28127.00,,270
28148.00,,360
28171.00,,307
28192.00,,185
28214.00,,266
28236.00,,275
28258.00,,289
28279.00,,307
28302.00,,333
28323.00,,352
28345.00,,372
28367.00,,351
28389.00,,316
28410.00,,288
28433.00,,273
28454.00,,261
28476.00,,272
28498.00,,281
28520.00,,311
28541.00,,314
28564.00,,316
28585.00,,322
28607.00,,332
28630.00,,341
28651.00,,303
28673.00,,295
28695.00,,302
28717.00,,334
28738.00,,477
28761.00,,224
28782.00,,332
28804.00,,366
28826.00,,363
28848.00,,364
28869.00,,372
28892.00,,378
28913.00,,398
28935.00,,383
28957.00,,364
28979.00,,341
29000.00,,333
29023.00,,344
29044.00,,353
29066.00,,362
29088.00,,366
29110.00,,353
29131.00,,348
29154.00,,344
29175.00,,349
29197.00,,364
29219.00,,377
29241.00,,374
29262.00,,358
29284.00,,361
29306.00,,350
29328.00,,567
29349.00,,229
29372.00,,321
29393.00,,355
29415.00,,363
29437.00,,370
29459.00,,411
29480.00,,424
29503.00,,441
29524.00,,447
29546.00,,425
29569.00,,381
29590.00,,356
29612.00,,345
29634.00,,342
29656.00,,354
29677.00,,351
29700.00,,365
29721.00,,374
29743.00,,386
29765.00,,385
29787.00,,382
29808.00,,374
29831.00,,380
29852.00,,391
29874.00,,375
29896.00,,359
29918.00,,361
29939.00,,346
29962.00,,571
29983.00,,285
30005.00,,344
30027.00,,395
30049.00,,400
30070.00,,393
30093.00,,403
30114.00,,405
30136.00,,418
30158.00,,422
30180.00,,410
30201.00,,387
30224.00,,366
30245.00,,350
30267.00,,349
30289.00,,343
30311.00,,344
30332.00,,348
30355.00,,347
30376.00,,349
30398.00,,356
30420.00,,368
30442.00,,372
30464.00,,376
30486.00,,382
30508.00,,392
30529.00,,400
30552.00,,390
30573.00,,359
30595.00,,364
30617.00,,358
30639.00,,571
30660.00,,299
30682.00,,348
30704.00,,414
30726.00,,422
30747.00,,432
30770.00,,429
30791.00,,435
30813.00,,433
30835.00,,432
30857.00,,418
30878.00,,391
30901.00,,375
30922.00,,359
30944.00,,356
30966.00,,366
30988.00,,363
31009.00,,360
31032.00,,350
31053.00,,345
31075.00,,343
31097.00,,345
31119.00,,348
31140.00,,369
31163.00,,377
31184.00,,391
31206.00,,398
31228.00,,370
31250.00,,357
31271.00,,343
31294.00,,368
31315.00,,485
31337.00,,239
31360.00,,340
31381.00,,374
31403.00,,378
31425.00,,390
31447.00,,402
31468.00,,403
31491.00,,412
31512.00,,400
31534.00,,375
31556.00,,340
31578.00,,326
31599.00,,335
31622.00,,344
31643.00,,362
31665.00,,360
31687.00,,360
31709.00,,357
31730.00,,345
31753.00,,343
31774.00,,337
31796.00,,340
31818.00,,347
31840.00,,360
31861.00,,381
31884.00,,401
31905.00,,377
31927.00,,364
31949.00,,358
31971.00,,390
31992.00,,509
32014.00,,241
32036.00,,337
32058.00,,366
32079.00,,375
32102.00,,391
32123.00,,416
32145.00,,414
32167.00,,422
32189.00,,415
32210.00,,393
32233.00,,351
32254.00,,327
32276.00,,325
32299.00,,333
32320.00,,351
32342.00,,366
32364.00,,372
32386.00,,365
32407.00,,362
32430.00,,360
32451.00,,355
32473.00,,352
32495.00,,353
32517.00,,381
32538.00,,386
32561.00,,387
32582.00,,385
32604.00,,391
32626.00,,398
32648.00,,573
32669.00,,270
32692.00,,357
32713.00,,386
32735.00,,394
32757.00,,414
32779.00,,430
32800.00,,454
32823.00,,476
32844.00,,469
32866.00,,452
32888.00,,407
32910.00,,382
32931.00,,370
32954.00,,370
32975.00,,370
32997.00,,381
33019.00,,397
33041.00,,411
33062.00,,415
33085.00,,413
33106.00,,407
33128.00,,403
33150.00,,404
33172.00,,407
33193.00,,407
33216.00,,388
33238.00,,385
33259.00,,388
33282.00,,454
33303.00,,528
33325.00,,316
33347.00,,388
33369.00,,403
33390.00,,397
33412.00,,399
33434.00,,399
33456.00,,414
33477.00,,420
33500.00,,418
33521.00,,398
33543.00,,370
33565.00,,354
33587.00,,332
33608.00,,323
33631.00,,322
33652.00,,315
33674.00,,305
33696.00,,302
33718.00,,306
33739.00,,308
33762.00,,317
33783.00,,317
33805.00,,331
33827.00,,331
33849.00,,295
33870.00,,274
33893.00,,264
33914.00,,295
33936.00,,429
33958.00,,165
33980.00,,269
34001.00,,296
34024.00,,290
34045.00,,182
34067.00,,19
34088.00,,0
34108.00,,0
34127.00,,0
34148.00,,0
34167.00,,0
34187.00,,0
34206.00,,0
34227.00,,0
34246.00,,0
34266.00,,0
34286.00,,0
34306.00,,0
34325.00,,0
34345.00,,0
34365.00,,0
34384.00,,0
34404.00,,0
34424.00,,0
34444.00,,0
34463.00,,0
34484.00,,0
34503.00,,0
34523.00,,0
34542.00,,110
34565.00,,287
34586.00,,75
34607.00,,196
34629.00,,247
34651.00,,280
34672.00,,314
34695.00,,356
34716.00,,399
34738.00,,439
34760.00,,463
34782.00,,468
34803.00,,458
34826.00,,454
34847.00,,459
34869.00,,469
34891.00,,482
34913.00,,475
34934.00,,492
34957.00,,501
34978.00,,500
35000.00,,519
35022.00,,533
35044.00,,553
35065.00,,564
35088.00,,563
35109.00,,534
35131.00,,519
35153.00,,499
35175.00,,690
35196.00,,426
35219.00,,468
35240.00,,532
35262.00,,550
35284.00,,554
35306.00,,555
35328.00,,554
35350.00,,561
35372.00,,555
35393.00,,525
35416.00,,484
35437.00,,451
35459.00,,446
35481.00,,444
35503.00,,453
35524.00,,450
35547.00,,452
35568.00,,443
35590.00,,430
35612.00,,421
35634.00,,414
35655.00,,425
35678.00,,418
35699.00,,427
35721.00,,409
35743.00,,414
35765.00,,401
35786.00,,624
35808.00,,330
35830.00,,351
35852.00,,404
35873.00,,410
35896.00,,412
35917.00,,417
35939.00,,426
35961.00,,450
35983.00,,457
36004.00,,451
36027.00,,414
36048.00,,383
36070.00,,364
36092.00,,363
36114.00,,367
36135.00,,369
36158.00,,373
36179.00,,381
36201.00,,390
36224.00,,386
36245.00,,396
36267.00,,411
36289.00,,407
36311.00,,383
36332.00,,359
36355.00,,365
36376.00,,371
36398.00,,559
36420.00,,256
36442.00,,373
36463.00,,398
36486.00,,409
36507.00,,416
36529.00,,420
36551.00,,430
36573.00,,435
36594.00,,428
36617.00,,400
36638.00,,368
36660.00,,351
36682.00,,355
36704.00,,357
36725.00,,364
36748.00,,363
36769.00,,362
36791.00,,341
36813.00,,342
36835.00,,324
36856.00,,342
36879.00,,351
36900.00,,355
36922.00,,341
36944.00,,345
36966.00,,333
36987.00,,551
37010.00,,244
37031.00,,296
37053.00,,348
37075.00,,358
37097.00,,361
37118.00,,369
37141.00,,393
37163.00,,410
37184.00,,422
37206.00,,396
37228.00,,357
37250.00,,332
37271.00,,315
37294.00,,313
37315.00,,307
37337.00,,311
37359.00,,306
37381.00,,317
37402.00,,330
37425.00,,335
37446.00,,345
37468.00,,351
37490.00,,363
37512.00,,342
37533.00,,321
37556.00,,326
37577.00,,368
37599.00,,480
37621.00,,243
37643.00,,341
37664.00,,371
37687.00,,376
37708.00,,386
37730.00,,390
37752.00,,403
37774.00,,403
37795.00,,396
37818.00,,367
37839.00,,340
37861.00,,327
37883.00,,332
37905.00,,349
37926.00,,350
37949.00,,345
37970.00,,338
37992.00,,332
38014.00,,330
38036.00,,326
38057.00,,325
38080.00,,346
38102.00,,357
38123.00,,343
38146.00,,333
38167.00,,329
38189.00,,372
38211.00,,441
38233.00,,221
38254.00,,304
38277.00,,317
38298.00,,328
38320.00,,340
38342.00,,353
38364.00,,381
38385.00,,397
38408.00,,393
38429.00,,350
38451.00,,316
38473.00,,285
38495.00,,266
38516.00,,276
38539.00,,278
38560.00,,283
38582.00,,297
38603.00,,289
38626.00,,293
38647.00,,288
38669.00,,278
38691.00,,278
38713.00,,288
38734.00,,291
38757.00,,283
38778.00,,269
38800.00,,285
38822.00,,280
38844.00,,494
38865.00,,186
38888.00,,264
38909.00,,297
38931.00,,309
38953.00,,308
38975.00,,319
38996.00,,332
39019.00,,337
39041.00,,336
39062.00,,307
39085.00,,265
39106.00,,237
39128.00,,219
39150.00,,207
39172.00,,211
39193.00,,197
39216.00,,156
39237.00,,20
39258.00,,0
39278.00,,0
39298.00,,0
39317.00,,0
39337.00,,0
39357.00,,0
39376.00,,0
39396.00,,0
39416.00,,0
39436.00,,0
39455.00,,0
39476.00,,0
39495.00,,0
39515.00,,0
39534.00,,0
39555.00,,39
39575.00,,87
39596.00,,131
39618.00,,176
39640.00,,229
39661.00,,270
39684.00,,303
39705.00,,286
39727.00,,289
39749.00,,294
39771.00,,297
39792.00,,310
39815.00,,325
39836.00,,343
39858.00,,345
39880.00,,355
39902.00,,384
39923.00,,400
39946.00,,412
39967.00,,422
39989.00,,434
40011.00,,441
40033.00,,425
40054.00,,407
40077.00,,405
40098.00,,421
40120.00,,615
40142.00,,325
40164.00,,436
40185.00,,473
40208.00,,475
40229.00,,465
40251.00,,464
40273.00,,471
40295.00,,484
40316.00,,478
40339.00,,458
40360.00,,425
40382.00,,414
40404.00,,414
40426.00,,427
40448.00,,426
40470.00,,418
40492.00,,420
40513.00,,411
40536.00,,405
40557.00,,404
40579.00,,404
40601.00,,408
40623.00,,421
40644.00,,437
40666.00,,450
40688.00,,452
40710.00,,441
40731.00,,408
40754.00,,401
40775.00,,376
40797.00,,591
40819.00,,276
40841.00,,354
40862.00,,414
40885.00,,424
40906.00,,430
40928.00,,436
40950.00,,437
40972.00,,445
40993.00,,444
41016.00,,419
41037.00,,381
41059.00,,365
41081.00,,357
41103.00,,357
41124.00,,375
41147.00,,374
41168.00,,383
41190.00,,377
41212.00,,362
41234.00,,352
41255.00,,350
41278.00,,344
41299.00,,359
41321.00,,375
41344.00,,383
41365.00,,363
41387.00,,361
41409.00,,330
41431.00,,530
41452.00,,276
41475.00,,277
41496.00,,335
41518.00,,345
41540.00,,362
41562.00,,376
41583.00,,397
41606.00,,416
41627.00,,413
41649.00,,395
41671.00,,349
41693.00,,314
41714.00,,296
41737.00,,299
41758.00,,297
41780.00,,313
41802.00,,327
41824.00,,328
41845.00,,332
41868.00,,340
41889.00,,325
41911.00,,340
41933.00,,340
41955.00,,319
41976.00,,303
41998.00,,309
42020.00,,367
42042.00,,468
42063.00,,251
42086.00,,342
42107.00,,363
42129.00,,375
42151.00,,385
42173.00,,382
42194.00,,400
42217.00,,408
42238.00,,407
42260.00,,387
42283.00,,364
42304.00,,359
42326.00,,356
42348.00,,357
42370.00,,359
42391.00,,353
42414.00,,353
42435.00,,339
42457.00,,332
42479.00,,347
42501.00,,358
42522.00,,367
42545.00,,355
42566.00,,349
42588.00,,345
42610.00,,404
42632.00,,426
42653.00,,225
42676.00,,304
42697.00,,327
42719.00,,340
42741.00,,355
42763.00,,388
42784.00,,401
42807.00,,415
42828.00,,405
42850.00,,369
42872.00,,329
42894.00,,301
42915.00,,307
42938.00,,308
42959.00,,321
42981.00,,334
43003.00,,351
43025.00,,353
43046.00,,355
43069.00,,373
43090.00,,368
43112.00,,345
43134.00,,323
43156.00,,319
43177.00,,319
43200.00,,540
43222.00,,217
43243.00,,320
43266.00,,363
43287.00,,375
43309.00,,379
43331.00,,376
43353.00,,389
43374.00,,395
43396.00,,387
43418.00,,366
43440.00,,340
43461.00,,332
43484.00,,335
43505.00,,339
43527.00,,350
43549.00,,346
43571.00,,349
43592.00,,343
43615.00,,337
43636.00,,353
43658.00,,357
43680.00,,352
43702.00,,341
43723.00,,343
43746.00,,340
43767.00,,570
43789.00,,241
43811.00,,324
43833.00,,361
43854.00,,358
43877.00,,370
43898.00,,378
43920.00,,396
43942.00,,423
43964.00,,437
43985.00,,424
44008.00,,385
44029.00,,363
44051.00,,351
44073.00,,342
44095.00,,341
44116.00,,336
44139.00,,351
44161.00,,349
44182.00,,361
44205.00,,375
44226.00,,386
44248.00,,381
44270.00,,361
44292.00,,356
44313.00,,340
44336.00,,535
44357.00,,252
44379.00,,291
44401.00,,357
44423.00,,378
44444.00,,400
44467.00,,417
44488.00,,413
44510.00,,430
44532.00,,442
44554.00,,418
44575.00,,375
44598.00,,339
44619.00,,334
44641.00,,337
44663.00,,349
44685.00,,357
44706.00,,363
44729.00,,366
44750.00,,365
44772.00,,362
44793.00,,356
44816.00,,358
44837.00,,347
44859.00,,325
44881.00,,328
44903.00,,319
44924.00,,543
44947.00,,241
44968.00,,301
44990.00,,342
45012.00,,353
45034.00,,352
45056.00,,368
45078.00,,367
45100.00,,383
45121.00,,401
45144.00,,392
45165.00,,370
45187.00,,341
45209.00,,342
45231.00,,332
45252.00,,336
45275.00,,329
45296.00,,329
45318.00,,333
45340.00,,331
45362.00,,334
45383.00,,361
45406.00,,370
45427.00,,360
45449.00,,351
45471.00,,340
45493.00,,318
45514.00,,528
45537.00,,236
45558.00,,281
45580.00,,352
45602.00,,353
45624.00,,367
45645.00,,389
45668.00,,402
45689.00,,407
45711.00,,391
45733.00,,380
45755.00,,348
45776.00,,312
45799.00,,303
45820.00,,292
45842.00,,302
45864.00,,302
45886.00,,311
45907.00,,309
45930.00,,300
45952.00,,303
45973.00,,297
45996.00,,302
46017.00,,292
46039.00,,284
46061.00,,280
46083.00,,284
46104.00,,435
46127.00,,316
46148.00,,259
46170.00,,325
46191.00,,330
46214.00,,325
46235.00,,334
46257.00,,339
46279.00,,341
46301.00,,354
46322.00,,333
46345.00,,310
46366.00,,282
46388.00,,274
46410.00,,271
46432.00,,272
46453.00,,282
46476.00,,274
46497.00,,280
46519.00,,281
46541.00,,289
46563.00,,324
46584.00,,341
46607.00,,342
46628.00,,319
46650.00,,311
46672.00,,308
46694.00,,441
46715.00,,308
46738.00,,271
46759.00,,340
46781.00,,358
46803.00,,379
46825.00,,398
46846.00,,415
46869.00,,435
46891.00,,445
46912.00,,439
46935.00,,400
46956.00,,362
46978.00,,331
47000.00,,322
47022.00,,335
47043.00,,329
47066.00,,335
47087.00,,338
47109.00,,332
47131.00,,314
47153.00,,326
47174.00,,321
47197.00,,279
47218.00,,257
47240.00,,250
47262.00,,303
47284.00,,367
47305.00,,126
47328.00,,0
47347.00,,0
47367.00,,0
47386.00,,0
47407.00,,0
47426.00,,0
47446.00,,0
47466.00,,0
47485.00,,0
47505.00,,0
47525.00,,0
47545.00,,0
47564.00,,0
47584.00,,0
47604.00,,0
47624.00,,0
47643.00,,0
47664.00,,0
47683.00,,0
47703.00,,0
47722.00,,0
47742.00,,0
47762.00,,11
47782.00,,93
47804.00,,157
47825.00,,259
47847.00,,422
47869.00,,236
47891.00,,373
47912.00,,426
47935.00,,452
47956.00,,494
47978.00,,526
48001.00,,564
48022.00,,603
48044.00,,629
48066.00,,628
48088.00,,627
48109.00,,629
48132.00,,639
48153.00,,639
48175.00,,661
48197.00,,661
48219.00,,659
48240.00,,665
48263.00,,688
48284.00,,689
48306.00,,690
48328.00,,689
48350.00,,688
48371.00,,682
48394.00,,694
48415.00,,687
48437.00,,641
48459.00,,679
48481.00,,685
48502.00,,688
48525.00,,690
48546.00,,692
48568.00,,690
48590.00,,692
48612.00,,691
48633.00,,672
48656.00,,639
48677.00,,622
48699.00,,621
48721.00,,617
48743.00,,624
48764.00,,629
48786.00,,630
48808.00,,648
48830.00,,644
48851.00,,626
48874.00,,589
48896.00,,581
48917.00,,556
48940.00,,691
48961.00,,516
48983.00,,511
49005.00,,568
49027.00,,587
49048.00,,591
49071.00,,594
49092.00,,589
49114.00,,578
49136.00,,566
49158.00,,545
49179.00,,495
49202.00,,459
49223.00,,444
49245.00,,447
49267.00,,453
49289.00,,446
49310.00,,443
49333.00,,430
49354.00,,419
49376.00,,421
49398.00,,408
49420.00,,372
49441.00,,362
49464.00,,351
49485.00,,474
49507.00,,374
49529.00,,311
49551.00,,377
49572.00,,379
49595.00,,375
49616.00,,374
49638.00,,376
49660.00,,383
49682.00,,392
49703.00,,382
49726.00,,355
49747.00,,326
49769.00,,313
49792.00,,290
49813.00,,283
49835.00,,273
49857.00,,266
49879.00,,257
49900.00,,268
49923.00,,277
49944.00,,281
49966.00,,256
49988.00,,257
50010.00,,249
50031.00,,339
50054.00,,285
50075.00,,167
50097.00,,242
50118.00,,236
50141.00,,237
50162.00,,245
50184.00,,265
50206.00,,275
50228.00,,290
50249.00,,284
50272.00,,252
50293.00,,234
50315.00,,206
50337.00,,197
50359.00,,205
50380.00,,209
50403.00,,202
50424.00,,200
50446.00,,219
50468.00,,234
50490.00,,243
50511.00,,238
50534.00,,211
50555.00,,205
50577.00,,221
50599.00,,374
50621.00,,104
50642.00,,215
50665.00,,246
50686.00,,263
50708.00,,282
50731.00,,293
50752.00,,320
50774.00,,313
50796.00,,305
50818.00,,284
50839.00,,263
50862.00,,244
50883.00,,244
50905.00,,260
50927.00,,282
50949.00,,289
50970.00,,307
50993.00,,302
51014.00,,305
51036.00,,312
51058.00,,318
51080.00,,296
51101.00,,294
51124.00,,302
51145.00,,432
51167.00,,320
51189.00,,283
51211.00,,366
51232.00,,365
51255.00,,371
51276.00,,375
51298.00,,382
51320.00,,387
51342.00,,395
51363.00,,403
51386.00,,381
51407.00,,377
51429.00,,362
51451.00,,357
51473.00,,361
51494.00,,353
51516.00,,347
51538.00,,332
51560.00,,331
51581.00,,340
51604.00,,353
51625.00,,354
51647.00,,347
51670.00,,348
51691.00,,343
51713.00,,524
51735.00,,267
51757.00,,298
51778.00,,360
51801.00,,355
51822.00,,367
51844.00,,377
51866.00,,400
51888.00,,421
51909.00,,436
51932.00,,429
51953.00,,388
51975.00,,365
51997.00,,341
52019.00,,350
52040.00,,349
52063.00,,353
52084.00,,356
52106.00,,367
52128.00,,374
52150.00,,399
52171.00,,411
52194.00,,399
52215.00,,365
52237.00,,371
52259.00,,352
52281.00,,534
52302.00,,263
52325.00,,338
52346.00,,398
52368.00,,412
52390.00,,426
52412.00,,429
52433.00,,436
52456.00,,457
52477.00,,434
52499.00,,418
52521.00,,381
52543.00,,367
52564.00,,365
52587.00,,373
52609.00,,385
52630.00,,386
52653.00,,391
52674.00,,391
52696.00,,379
52718.00,,389
52740.00,,392
52761.00,,373
52784.00,,360
52805.00,,361
52827.00,,378
52849.00,,565
52871.00,,280
52892.00,,365
52914.00,,403
52936.00,,395
52958.00,,398
52979.00,,404
53002.00,,411
53023.00,,426
53045.00,,418
53067.00,,410
53089.00,,398
53110.00,,383
53133.00,,374
53154.00,,376
53176.00,,373
53198.00,,369
53220.00,,368
53241.00,,362
53264.00,,381
53285.00,,402
53307.00,,383
53329.00,,374
53351.00,,381
53372.00,,395
53395.00,,581
53416.00,,274
53438.00,,348
53460.00,,379
53482.00,,382
53504.00,,387
53526.00,,400
53548.00,,420
53569.00,,433
53592.00,,434
53613.00,,412
53635.00,,377
53657.00,,360
53679.00,,355
53700.00,,343
53723.00,,347
53744.00,,355
53766.00,,363
53788.00,,372
53810.00,,383
53831.00,,398
53854.00,,383
53875.00,,355
53897.00,,347
53919.00,,403
53941.00,,480
53962.00,,256
53985.00,,341
54006.00,,377
54028.00,,389
54050.00,,397
54072.00,,418
54093.00,,427
54116.00,,412
54137.00,,410
54159.00,,376
54181.00,,349
54203.00,,321
54224.00,,328
54247.00,,331
54268.00,,345
54290.00,,347
54311.00,,343
54334.00,,349
54355.00,,362
54377.00,,342
54400.00,,321
54421.00,,309
54443.00,,297
54465.00,,436
54487.00,,349
54508.00,,266
54531.00,,358
54552.00,,380
54574.00,,383
54596.00,,392
54618.00,,395
54639.00,,397
54662.00,,402
54683.00,,400
54705.00,,376
54727.00,,357
54749.00,,355
54770.00,,367
54793.00,,381
54814.00,,386
54836.00,,377
54858.00,,375
54880.00,,380
54901.00,,380
54924.00,,379
54945.00,,360
54967.00,,359
54989.00,,366
55011.00,,423
55032.00,,506
55055.00,,284
55076.00,,363
55098.00,,370
55120.00,,368
55142.00,,370
55163.00,,374
55186.00,,398
55207.00,,405
55229.00,,408
55251.00,,384
55273.00,,365
55294.00,,352
55317.00,,335
55339.00,,336
55360.00,,338
55383.00,,343
55404.00,,346
55426.00,,349
55448.00,,349
55470.00,,375
55491.00,,383
55514.00,,372
55535.00,,359
55557.00,,337
55579.00,,358
55601.00,,517
55622.00,,232
55645.00,,332
55666.00,,373
55688.00,,376
55709.00,,399
55732.00,,419
55753.00,,429
55775.00,,443
55797.00,,421
55819.00,,401
55840.00,,354
55863.00,,324
55884.00,,333
55906.00,,343
55928.00,,356
55950.00,,364
55971.00,,368
55994.00,,372
56015.00,,376
56037.00,,353
56059.00,,355
56081.00,,349
56102.00,,359
56125.00,,361
56146.00,,376
56168.00,,391
56190.00,,373
56212.00,,367
56233.00,,350
56256.00,,498
56278.00,,313
56299.00,,273
56322.00,,336
56343.00,,346
56365.00,,356
56387.00,,371
56409.00,,386
56430.00,,408
56453.00,,422
56474.00,,417
56496.00,,394
56518.00,,357
56540.00,,326
56561.00,,327
56584.00,,330
56605.00,,339
56627.00,,346
56649.00,,362
56671.00,,368
56692.00,,369
56715.00,,360
56736.00,,367
56758.00,,354
56780.00,,363
56802.00,,358
56823.00,,356
56846.00,,364
56867.00,,358
56889.00,,370
56911.00,,379
56933.00,,406
56954.00,,407
56977.00,,393
56998.00,,376
57020.00,,367
57042.00,,365
57064.00,,542
57085.00,,244
57108.00,,338
57129.00,,377
57151.00,,395
57172.00,,394
57195.00,,412
57217.00,,416
57238.00,,420
57261.00,,419
57282.00,,381
57304.00,,353
57326.00,,329
57348.00,,323
57369.00,,330
57392.00,,343
57413.00,,353
57435.00,,354
57457.00,,338
57479.00,,328
57500.00,,329
57523.00,,335
57544.00,,317
57566.00,,322
57588.00,,326
57610.00,,339
57631.00,,352
57654.00,,364
57675.00,,366
57697.00,,360
57719.00,,363
57741.00,,353
57762.00,,331
57785.00,,328
57806.00,,339
57828.00,,536
57850.00,,247
57872.00,,343
57893.00,,382
57916.00,,394
57937.00,,393
57959.00,,390
57981.00,,392
58003.00,,406
58024.00,,407
58047.00,,389
58068.00,,358
58090.00,,347
58113.00,,353
58134.00,,358
58156.00,,354
58178.00,,349
58200.00,,355
58221.00,,345
58244.00,,341
58265.00,,337
58287.00,,341
58309.00,,359
58331.00,,362
58352.00,,379
58375.00,,388
58396.00,,391
58418.00,,384
58440.00,,377
58462.00,,369
58483.00,,392
58505.00,,365
58527.00,,370
58549.00,,384
58570.00,,520
58593.00,,426
58614.00,,344
58636.00,,414
58658.00,,420
58680.00,,423
58701.00,,415
58724.00,,414
58745.00,,443
58767.00,,441
58789.00,,430
58811.00,,417
58832.00,,393
58855.00,,365
58876.00,,358
58898.00,,358
58920.00,,351
58942.00,,344
58963.00,,345
58986.00,,351
59008.00,,348
59029.00,,353
59052.00,,353
59073.00,,357
59095.00,,354
59117.00,,339
59139.00,,324
59160.00,,311
59183.00,,323
59204.00,,315
59226.00,,325
59248.00,,316
59270.00,,317
59291.00,,308
59314.00,,533
59335.00,,224
59357.00,,277
59379.00,,320
59401.00,,317
59422.00,,314
59445.00,,319
59466.00,,337
59488.00,,353
59510.00,,369
59532.00,,361
59553.00,,326
59576.00,,308
59597.00,,298
59619.00,,291
59641.00,,280
59663.00,,283
59684.00,,278
59707.00,,284
59728.00,,285
59750.00,,305
59772.00,,306
59794.00,,308
59815.00,,318
59838.00,,304
59859.00,,302
59881.00,,311
59904.00,,307
59925.00,,306
59947.00,,287
59968.00,,295
59991.00,,290
60012.00,,541
60034.00,,214
60056.00,,283
60078.00,,318
60099.00,,323
60122.00,,329
60143.00,,335
60165.00,,337
60187.00,,357
60209.00,,365
60230.00,,351
60253.00,,325
60274.00,,307
60296.00,,299
60318.00,,294
60340.00,,295
60361.00,,292
60384.00,,293
60405.00,,299
60427.00,,302
60449.00,,306
60471.00,,320
60492.00,,332
60515.00,,340
60536.00,,356
60558.00,,346
60580.00,,311
60602.00,,308
60623.00,,299
60646.00,,542
60667.00,,220
60689.00,,290
60711.00,,348
60733.00,,365
60754.00,,372
60777.00,,392
60798.00,,401
60820.00,,413
60843.00,,404
60864.00,,382
60886.00,,352
60908.00,,338
60930.00,,347
60951.00,,338
60974.00,,356
60995.00,,372
61017.00,,372
61039.00,,361
61061.00,,357
61082.00,,353
61105.00,,358
61126.00,,373
61148.00,,379
61170.00,,379
61192.00,,367
61213.00,,377
61236.00,,375
61257.00,,589
61279.00,,270
61300.00,,346
61323.00,,376
61344.00,,379
61366.00,,387
61388.00,,402
61410.00,,417
61431.00,,444
61454.00,,457
61475.00,,427
61497.00,,399
61519.00,,362
61541.00,,349
61562.00,,345
61585.00,,342
61606.00,,340
61628.00,,352
61650.00,,356
61672.00,,365
61693.00,,372
61716.00,,377
61737.00,,387
61759.00,,390
61782.00,,356
61803.00,,336
61825.00,,343
61847.00,,405
61869.00,,444
61890.00,,283
61913.00,,376
61934.00,,401
61956.00,,400
61978.00,,409
62000.00,,417
62021.00,,420
62044.00,,432
62065.00,,429
62087.00,,392
62109.00,,362
62131.00,,360
62152.00,,367
62175.00,,371
62196.00,,384
62218.00,,385
62240.00,,384
62262.00,,372
62283.00,,365
62306.00,,363
62327.00,,373
62349.00,,406
62371.00,,401
62393.00,,388
62414.00,,382
62437.00,,388
62458.00,,420
62480.00,,515
62502.00,,280
62524.00,,370
62545.00,,373
62568.00,,392
62589.00,,411
62611.00,,431
62633.00,,452
62655.00,,480
62676.00,,461
62698.00,,428
62721.00,,391
62742.00,,353
62764.00,,353
62786.00,,342
62808.00,,353
62829.00,,357
62852.00,,366
62873.00,,370
62895.00,,374
62917.00,,371
62939.00,,365
62960.00,,378
62983.00,,386
63004.00,,357
63026.00,,344
63048.00,,338
63070.00,,377
63091.00,,514
63114.00,,266
63135.00,,366
63157.00,,384
63179.00,,390
63201.00,,392
63222.00,,390
63245.00,,394
63266.00,,400
63288.00,,401
63310.00,,386
63332.00,,356
63353.00,,346
63376.00,,349
63397.00,,350
63419.00,,348
63441.00,,346
63463.00,,343
63484.00,,339
63507.00,,333
63528.00,,340
63550.00,,349
63572.00,,364
63594.00,,387
63616.00,,385
63638.00,,359
63660.00,,354
63681.00,,332
63704.00,,541
63725.00,,248
63747.00,,286
63769.00,,357
63791.00,,373
63812.00,,392
63835.00,,398
63856.00,,423
63878.00,,437
63900.00,,434
63922.00,,404
63943.00,,371
63966.00,,348
63987.00,,327
64009.00,,327
64031.00,,337
64053.00,,351
64074.00,,359
64096.00,,356
64118.00,,362
64140.00,,354
64161.00,,339
64184.00,,335
64205.00,,356
64227.00,,354
64249.00,,335
64271.00,,328
64292.00,,334
64315.00,,378
64336.00,,520
64358.00,,256
64380.00,,345
64402.00,,357
64423.00,,363
64446.00,,364
64467.00,,383
64489.00,,404
64512.00,,416
64533.00,,429
64555.00,,409
64577.00,,380
64599.00,,364
64620.00,,360
64643.00,,354
64664.00,,354
64686.00,,363
64708.00,,356
64730.00,,370
64751.00,,373
64774.00,,384
64795.00,,394
64817.00,,386
64839.00,,392
64861.00,,409
64882.00,,398
64905.00,,368
64926.00,,353
64948.00,,346
64970.00,,452
64992.00,,390
65013.00,,293
65036.00,,374
65057.00,,396
65079.00,,398
65101.00,,401
65123.00,,410
65144.00,,419
65167.00,,414
65188.00,,416
65210.00,,379
65232.00,,350
65254.00,,353
65275.00,,347
65298.00,,352
65319.00,,353
65341.00,,347
65363.00,,351
65385.00,,334
65406.00,,328
65429.00,,326
65451.00,,327
65472.00,,335
65495.00,,351
65516.00,,373
65538.00,,369
65559.00,,347
65582.00,,332
65603.00,,316
65625.00,,418
65647.00,,373
65669.00,,234
65690.00,,328
65713.00,,345
65734.00,,361
65756.00,,373
65778.00,,381
65800.00,,390
65821.00,,395
65844.00,,378
65865.00,,349
65887.00,,308
65909.00,,294
65931.00,,315
65952.00,,309
65975.00,,323
65996.00,,335
66018.00,,331
66040.00,,331
66062.00,,322
66083.00,,312
66106.00,,305
66127.00,,321
66149.00,,337
66171.00,,348
66193.00,,339
66214.00,,336
66237.00,,334
66258.00,,465
66280.00,,366
66302.00,,262
66324.00,,331
66345.00,,337
66368.00,,336
66390.00,,356
66411.00,,361
66434.00,,390
66455.00,,401
66477.00,,397
66499.00,,359
66521.00,,340
66542.00,,315
66565.00,,308
66586.00,,306
66608.00,,312
66630.00,,322
66652.00,,323
66673.00,,346
66696.00,,348
66717.00,,358
66739.00,,355
66761.00,,351
66783.00,,355
66804.00,,364
66827.00,,350
66848.00,,327
66870.00,,344
66891.00,,332
66914.00,,562
66935.00,,265
66957.00,,320
66979.00,,371
67001.00,,375
67022.00,,378
67045.00,,377
67066.00,,393
67088.00,,416
67110.00,,419
67132.00,,408
67153.00,,379
67176.00,,361
67197.00,,349
67219.00,,347
67241.00,,353
67263.00,,352
67284.00,,349
67307.00,,348
67329.00,,351
67350.00,,352
67373.00,,353
67394.00,,360
67416.00,,370
67438.00,,389
67460.00,,385
67481.00,,370
67504.00,,354
67525.00,,345
67547.00,,349
67569.00,,538
67591.00,,242
67612.00,,336
67635.00,,369
67656.00,,389
67678.00,,397
67700.00,,404
67722.00,,414
67743.00,,423
67766.00,,418
67787.00,,394
67809.00,,356
67831.00,,339
67853.00,,338
67874.00,,344
67897.00,,354
67918.00,,367
67940.00,,369
67962.00,,365
67984.00,,353
68005.00,,342
68028.00,,347
68049.00,,352
68071.00,,357
68093.00,,380
68115.00,,396
68136.00,,383
68159.00,,369
68180.00,,365
68202.00,,424
68225.00,,440
68246.00,,265
68268.00,,340
68289.00,,358
68312.00,,370
68333.00,,392
68355.00,,407
68377.00,,431
68399.00,,441
68420.00,,433
68443.00,,398
68464.00,,352
68486.00,,334
68508.00,,329
68530.00,,322
68551.00,,340
68574.00,,361
68595.00,,363
68617.00,,369
68639.00,,375
68661.00,,376
68682.00,,362
68705.00,,373
68726.00,,377
68748.00,,347
68770.00,,341
68792.00,,350
68813.00,,347
68836.00,,578
68857.00,,259
68879.00,,339
68901.00,,377
68923.00,,388
68944.00,,390
68967.00,,387
68988.00,,398
69010.00,,414
69032.00,,426
69054.00,,412
69075.00,,380
69098.00,,374
69120.00,,356
69141.00,,353
69164.00,,349
69185.00,,349
69207.00,,347
69229.00,,346
69251.00,,348
69272.00,,349
69295.00,,356
69316.00,,371
69338.00,,386
69360.00,,393
69382.00,,365
69403.00,,349
69426.00,,342
69447.00,,344
69469.00,,531
69491.00,,231
69513.00,,319
69534.00,,364
69557.00,,377
69578.00,,385
69600.00,,398
69622.00,,405
69644.00,,411
69665.00,,400
69687.00,,379
69709.00,,341
69731.00,,316
69752.00,,314
69775.00,,323
69796.00,,342
69818.00,,349
69840.00,,352
69862.00,,347
69883.00,,337
69906.00,,336
69927.00,,327
69949.00,,348
69971.00,,363
69993.00,,350
70014.00,,348
70037.00,,361
70059.00,,347
70080.00,,572
70103.00,,255
70124.00,,312
70146.00,,355
70168.00,,359
70190.00,,363
70211.00,,374
70234.00,,398
70255.00,,416
70277.00,,428
70299.00,,416
70321.00,,382
70342.00,,352
70365.00,,329
70386.00,,323
70408.00,,320
70430.00,,333
70452.00,,337
70473.00,,340
70496.00,,356
70517.00,,360
70539.00,,358
70561.00,,365
70583.00,,376
70604.00,,367
70627.00,,339
70648.00,,336
70670.00,,313
70692.00,,503
70714.00,,279
70735.00,,299
70758.00,,375
70779.00,,388
70801.00,,395
70823.00,,389
70845.00,,401
70866.00,,412
70889.00,,409
70910.00,,401
70932.00,,376
70955.00,,348
70976.00,,344
70998.00,,351
71020.00,,355
71042.00,,362
71063.00,,374
71085.00,,363
71107.00,,361
71129.00,,356
71150.00,,349
71173.00,,364
71194.00,,386
71216.00,,393
71238.00,,384
71260.00,,387
71281.00,,364
71304.00,,517
71325.00,,342
71347.00,,290
71369.00,,361
71391.00,,372
71412.00,,371
71435.00,,381
71456.00,,381
71478.00,,401
71500.00,,416
71522.00,,400
71543.00,,364
71566.00,,322
71587.00,,313
71609.00,,307
71631.00,,321
71653.00,,323
71674.00,,341
71697.00,,343
71718.00,,345
71740.00,,356
71762.00,,346
71784.00,,354
71805.00,,365
71828.00,,341
71849.00,,317
71871.00,,317
71894.00,,319
71915.00,,517
71937.00,,265
71959.00,,301
71981.00,,365
72002.00,,362
72025.00,,363
72046.00,,366
72068.00,,377
72090.00,,385
72112.00,,395
72133.00,,391
72156.00,,366
72177.00,,347
72199.00,,347
72221.00,,344
72243.00,,343
72264.00,,343
72287.00,,335
72308.00,,337
72330.00,,331
72352.00,,329
72374.00,,334
72395.00,,347
72418.00,,380
72439.00,,375
72461.00,,356
72482.00,,356
72505.00,,343
72526.00,,441
72548.00,,373
72570.00,,265
72592.00,,341
72613.00,,358
72636.00,,375
72657.00,,379
72679.00,,393
72701.00,,419
72723.00,,425
72744.00,,406
72767.00,,368
72788.00,,336
72810.00,,315
72833.00,,321
72854.00,,320
72876.00,,339
72898.00,,347
72920.00,,359
72941.00,,344
72964.00,,340
72985.00,,338
73007.00,,341
73029.00,,367
73051.00,,366
73072.00,,341
73095.00,,337
73116.00,,360
73138.00,,389
73160.00,,504
73182.00,,271
73203.00,,354
73226.00,,378
73247.00,,375
73269.00,,372
73291.00,,371
73313.00,,385
73334.00,,401
73357.00,,403
73378.00,,397
73400.00,,370
73422.00,,347
73444.00,,346
73465.00,,341
73488.00,,340
73509.00,,337
73531.00,,328
73553.00,,336
73575.00,,341
73596.00,,341
73619.00,,366
73640.00,,384
73662.00,,351
73684.00,,350
73706.00,,341
73728.00,,357
73750.00,,512
73772.00,,237
73793.00,,329
73816.00,,353
73837.00,,389
73859.00,,397
73880.00,,405
73903.00,,429
73924.00,,416
73946.00,,415
73968.00,,371
73990.00,,354
74011.00,,319
74034.00,,331
74055.00,,340
74077.00,,357
