GSR	TIME
327	102
326	153
326	205
326	257
326	308
327	360
326	411
327	462
326	514
326	566
327	617
326	668
327	720
327	772
327	823
327	875
327	926
327	977
327	1030
327	1081
327	1132
327	1184
327	1235
327	1287
327	1339
327	1390
327	1441
327	1494
327	1545
327	1596
327	1648
327	1699
327	1752
327	1803
327	1854
327	1906
327	1957
327	2009
327	2061
327	2112
327	2163
327	2215
326	2267
327	2318
327	2370
327	2421
326	2472
327	2525
326	2576
326	2628
326	2679
326	2731
326	2783
326	2834
326	2885
326	2937
325	2989
326	3040
325	3092
325	3143
325	3195
325	3247
325	3298
325	3350
325	3401
325	3452
325	3505
324	3556
324	3607
324	3659
324	3710
324	3762
324	3814
324	3865
324	3916
324	3969
324	4020
324	4072
324	4123
324	4174
324	4227
323	4278
323	4329
323	4381
323	4432
323	4485
323	4536
323	4587
323	4639
323	4690
323	4742
323	4794
323	4845
323	4896
323	4948
323	5000
323	5051
323	5103
323	5154
322	5207
322	5258
322	5309
322	5361
322	5412
322	5464
322	5516
322	5567
322	5618
322	5670
322	5722
322	5773
322	5825
322	5876
322	5928
322	5980
322	6031
322	6083
322	6134
321	6185
321	6238
322	6289
322	6340
322	6392
322	6444
321	6495
321	6547
321	6598
321	6650
321	6702
322	6753
322	6805
321	6856
321	6907
321	6960
321	7011
322	7062
322	7114
321	7165
321	7218
322	7269
322	7320
322	7372
321	7424
321	7475
322	7527
322	7578
322	7629
321	7682
322	7733
321	7784
322	7836
322	7887
322	7940
322	7991
322	8042
322	8094
322	8145
322	8197
322	8249
322	8300
322	8351
322	8403
322	8455
322	8506
322	8558
322	8609
322	8662
322	8713
322	8764
322	8816
322	8867
322	8919
322	8971
322	9022
322	9073
322	9125
322	9177
322	9228
322	9280
322	9331
322	9383
322	9435
322	9486
322	9538
322	9589
322	9640
322	9693
322	9744
323	9795
323	9847
322	9899
323	9951
322	10002
323	10053
323	10105
323	10157
323	10209
323	10260
323	10311
323	10363
323	10415
323	10467
323	10518
323	10569
323	10621
323	10673
323	10725
323	10776
323	10827
323	10880
323	10931
323	10983
323	11034
323	11085
323	11138
323	11189
323	11241
323	11292
323	11343
323	11396
323	11447
323	11499
323	11550
323	11601
323	11654
323	11705
323	11757
323	11808
323	11859
323	11912
323	11963
323	12015
324	12066
323	12118
324	12170
324	12221
324	12273
324	12324
324	12376
324	12428
324	12479
324	12531
324	12582
324	12634
324	12686
324	12737
324	12789
324	12840
324	12892
324	12944
324	12995
324	13047
324	13099
324	13150
324	13202
324	13253
324	13305
324	13357
324	13408
324	13460
324	13511
324	13563
324	13615
324	13666
324	13718
324	13769
324	13821
325	13873
325	13924
324	13976
324	14027
325	14080
325	14131
325	14182
325	14234
324	14285
325	14338
325	14389
325	14440
325	14492
325	14543
325	14596
325	14647
325	14698
325	14750
325	14801
325	14854
325	14905
325	14956
325	15008
325	15059
325	15112
325	15163
325	15214
325	15266
325	15318
325	15370
325	15421
325	15472
325	15524
325	15576
325	15628
325	15679
325	15730
325	15782
325	15834
325	15886
325	15937
325	15988
325	16040
325	16092
325	16144
325	16195
325	16246
325	16299
325	16350
325	16402
325	16453
325	16504
325	16557
325	16608
325	16660
325	16711
325	16762
325	16815
324	16866
324	16918
324	16969
324	17020
324	17073
324	17124
324	17176
324	17227
324	17278
324	17331
324	17382
324	17434
324	17485
324	17537
323	17589
323	17640
324	17692
323	17743
324	17795
323	17847
323	17898
324	17950
323	18001
323	18053
323	18105
323	18156
323	18208
323	18259
323	18311
323	18363
323	18414
323	18466
323	18518
323	18569
323	18621
323	18672
323	18724
323	18776
323	18827
323	18879
323	18930
323	18982
323	19034
323	19085
323	19137
323	19188
323	19240
323	19292
323	19343
323	19395
323	19446
323	19499
323	19550
322	19601
323	19653
322	19704
322	19757
322	19808
322	19859
322	19911
322	19962
322	20015
321	20066
321	20117
321	20169
321	20220
321	20273
321	20324
321	20375
321	20427
321	20478
321	20531
321	20582
320	20633
320	20685
320	20737
320	20789
320	20840
320	20891
320	20943
320	20995
320	21047
320	21098
320	21149
319	21201
319	21253
319	21305
319	21356
319	21407
319	21459
319	21511
319	21563
319	21614
319	21665
319	21718
319	21769
319	21821
319	21872
319	21923
319	21976
319	22027
319	22079
319	22130
319	22181
319	22234
319	22285
319	22337
319	22388
319	22439
319	22492
319	22543
319	22595
319	22646
319	22697
319	22750
319	22801
319	22853
319	22904
319	22956
319	23008
319	23059
319	23111
319	23162
319	23214
319	23266
319	23317
319	23369
319	23420
319	23472
319	23524
319	23575
319	23627
319	23678
319	23730
319	23782
319	23833
320	23885
319	23937
320	23988
319	24040
320	24091
320	24143
320	24195
320	24246
320	24298
320	24349
320	24401
320	24453
320	24504
320	24556
320	24607
320	24659
320	24711
320	24762
320	24814
320	24865
320	24918
321	24969
320	25020
320	25072
320	25123
320	25176
320	25227
320	25278
321	25330
321	25381
321	25434
321	25485
321	25536
321	25588
321	25639
321	25692
321	25743
321	25794
321	25846
321	25897
321	25950
321	26001
321	26052
321	26104
321	26156
321	26208
321	26259
321	26310
321	26362
321	26414
321	26466
322	26517
321	26568
322	26620
322	26672
321	26724
322	26775
322	26826
322	26878
322	26930
322	26982
322	27033
322	27084
322	27137
322	27188
322	27240
322	27291
322	27342
322	27395
322	27446
322	27498
322	27549
322	27600
322	27653
322	27704
322	27756
322	27807
323	27858
323	27911
323	27962
323	28014
323	28065
323	28116
323	28169
323	28220
323	28272
323	28323
323	28375
323	28427
323	28478
323	28530
323	28581
323	28633
323	28685
323	28736
323	28788
323	28839
323	28891
323	28943
324	28994
323	29046
323	29097
323	29149
323	29201
323	29252
324	29304
324	29356
323	29407
324	29459
323	29510
324	29562
324	29614
324	29665
324	29717
324	29768
324	29820
324	29872
324	29923
324	29975
324	30026
324	30078
324	30130
324	30181
324	30233
324	30284
324	30337
324	30388
324	30439
324	30491
324	30542
324	30595
324	30646
324	30697
324	30749
324	30800
325	30853
324	30904
325	30955
325	31007
324	31058
325	31111
324	31162
325	31213
325	31265
324	31316
324	31369
325	31420
325	31471
324	31523
325	31575
325	31627
324	31678
325	31729
325	31781
325	31833
325	31885
325	31936
325	31987
325	32039
325	32091
325	32143
325	32194
325	32245
325	32297
325	32349
325	32401
325	32452
325	32503
325	32556
325	32607
325	32659
326	32710
326	32761
325	32814
326	32865
325	32917
326	32968
326	33019
326	33072
326	33123
326	33175
326	33226
326	33277
326	33330
326	33381
326	33433
326	33484
326	33536
326	33588
326	33639
326	33691
326	33742
326	33794
326	33846
326	33897
326	33949
326	34000
326	34052
326	34104
326	34155
326	34207
326	34258
326	34310
327	34362
326	34413
326	34465
326	34516
326	34568
326	34620
326	34671
326	34723
326	34775
326	34826
326	34878
327	34929
327	34981
326	35033
327	35084
327	35136
327	35187
327	35239
327	35291
327	35342
327	35394
327	35445
327	35497
327	35549
327	35600
327	35652
327	35703
327	35756
327	35807
327	35858
327	35910
327	35961
327	36014
327	36065
327	36116
327	36168
327	36219
327	36272
327	36323
327	36374
327	36426
327	36477
327	36530
327	36581
327	36632
327	36684
328	36736
327	36788
328	36839
328	36890
327	36942
328	36994
327	37046
327	37097
327	37148
328	37200
328	37252
327	37304
328	37355
328	37406
328	37458
328	37510
328	37562
328	37613
328	37664
328	37716
328	37768
328	37820
328	37871
328	37922
328	37975
328	38026
328	38078
328	38129
328	38180
328	38233
328	38284
328	38336
328	38387
328	38438
328	38491
328	38542
328	38594
328	38645
329	38696
328	38749
328	38800
328	38852
328	38903
328	38955
328	39007
328	39058
328	39110
328	39161
328	39213
328	39265
328	39316
328	39368
328	39419
329	39471
328	39523
329	39574
328	39626
329	39677
329	39729
328	39781
328	39832
329	39884
329	39936
329	39987
329	40039
329	40090
329	40142
329	40194
329	40245
329	40297
329	40348
329	40400
329	40452
329	40503
329	40555
329	40606
329	40658
329	40710
329	40761
329	40813
329	40864
329	40916
329	40968
329	41019
329	41071
329	41122
329	41175
329	41226
329	41277
329	41329
329	41380
329	41433
329	41484
329	41535
329	41587
329	41638
329	41691
329	41742
329	41793
329	41845
329	41896
330	41949
330	42000
329	42051
330	42103
329	42155
330	42207
329	42258
330	42309
329	42361
330	42413
330	42465
330	42516
330	42567
330	42619
330	42671
330	42723
330	42774
330	42825
330	42877
330	42929
330	42981
330	43032
330	43083
330	43136
330	43187
330	43239
330	43290
330	43341
330	43394
330	43445
330	43497
330	43548
330	43599
330	43652
330	43703
330	43755
330	43806
330	43857
330	43910
330	43961
330	44013
330	44064
330	44115
330	44168
330	44219
330	44271
330	44322
330	44374
330	44426
330	44477
330	44529
329	44580
329	44632
329	44684
329	44735
329	44787
329	44838
329	44890
329	44942
328	44993
329	45045
328	45096
328	45148
328	45200
328	45251
328	45303
328	45355
328	45406
328	45458
328	45509
327	45561
327	45613
327	45664
327	45716
327	45767
327	45819
327	45871
327	45922
327	45974
327	46025
327	46077
327	46129
327	46180
327	46232
327	46283
327	46336
327	46387
327	46438
327	46490
327	46541
327	46594
327	46645
327	46696
327	46748
327	46799
326	46852
327	46903
327	46954
326	47006
327	47057
326	47110
326	47161
326	47212
326	47264
326	47315
326	47368
326	47419
326	47470
326	47522
326	47574
326	47626
326	47677
326	47728
326	47780
326	47832
326	47884
326	47935
326	47986
326	48038
326	48090
326	48142
326	48193
326	48244
326	48296
326	48348
326	48400
326	48451
326	48502
326	48555
326	48606
326	48658
326	48709
326	48760
326	48813
326	48864
326	48916
326	48967
326	49018
326	49071
325	49122
326	49174
325	49225
326	49276
326	49329
326	49380
326	49432
326	49483
326	49534
326	49587
326	49638
326	49690
326	49741
326	49793
326	49845
326	49896
326	49948
326	49999
326	50051
326	50103
326	50154
326	50206
326	50257
326	50309
326	50361
326	50412
326	50464
326	50515
326	50567
326	50619
326	50670
326	50722
326	50774
326	50825
326	50877
326	50928
326	50980
326	51032
326	51083
326	51135
326	51186
326	51238
326	51290
326	51341
326	51393
326	51444
327	51496
326	51548
326	51599
327	51651
326	51702
327	51755
326	51806
327	51857
327	51909
327	51960
327	52013
327	52064
327	52115
327	52167
327	52218
327	52271
327	52322
327	52373
327	52425
327	52476
327	52529
327	52580
327	52631
327	52683
327	52734
327	52787
327	52838
327	52889
327	52941
327	52993
327	53045
327	53096
327	53147
327	53199
327	53251
327	53303
327	53354
327	53405
327	53457
327	53509
327	53561
327	53612
327	53663
327	53715
327	53767
327	53819
327	53870
327	53921
327	53974
327	54025
327	54077
327	54128
327	54179
327	54232
327	54283
327	54335
327	54386
327	54437
327	54490
327	54541
327	54593
327	54644
327	54695
327	54748
327	54799
327	54851
327	54902
327	54953
327	55006
327	55057
327	55109
327	55160
327	55212
327	55264
327	55315
327	55367
327	55418
327	55470
327	55522
327	55573
327	55625
326	55676
327	55728
327	55780
327	55831
327	55883
327	55934
327	55986
327	56038
327	56089
327	56141
327	56193
327	56244
327	56296
327	56347
327	56399
327	56451
327	56502
327	56554
327	56605
327	56657
327	56709
327	56760
327	56812
327	56863
327	56915
327	56967
327	57018
327	57070
327	57121
327	57174
327	57225
327	57276
327	57328
327	57379
327	57432
327	57483
327	57534
327	57586
327	57637
327	57690
327	57741
327	57792
327	57844
327	57895
327	57948
327	57999
327	58050
327	58102
327	58153
327	58206
327	58257
327	58308
327	58360
327	58412
328	58464
327	58515
328	58566
328	58618
327	58670
327	58722
327	58773
328	58824
328	58876
328	58928
328	58980
328	59031
328	59082
328	59134
328	59186
328	59238
328	59289
328	59340
328	59393
328	59444
328	59496
328	59547
328	59598
328	59651
328	59702
328	59754
328	59805
328	59856
328	59909
328	59960
328	60012
328	60063
328	60114
328	60167
329	60218
328	60270
328	60321
328	60372
328	60425
328	60476
328	60528
329	60579
328	60631
328	60683
329	60734
329	60786
328	60837
328	60889
329	60941
329	60992
329	61044
329	61095
329	61147
329	61199
329	61250
329	61302
329	61353
329	61405
329	61457
329	61508
329	61560
329	61612
329	61663
329	61715
329	61766
329	61818
329	61870
329	61921
329	61973
329	62024
329	62076
329	62128
330	62179
330	62231
330	62282
330	62334
330	62386
330	62437
330	62489
330	62540
330	62593
330	62644
330	62695
329	62747
329	62798
329	62851
329	62902
329	62953
329	63005
329	63056
329	63109
329	63160
329	63211
328	63263
328	63314
328	63367
328	63418
328	63469
328	63521
328	63572
327	63625
327	63676
327	63727
327	63779
327	63831
327	63883
327	63934
327	63985
327	64037
327	64089
327	64141
327	64192
326	64243
327	64295
326	64347
326	64399
326	64450
326	64501
326	64553
326	64605
326	64657
326	64708
325	64759
326	64812
325	64863
325	64915
325	64966
325	65017
325	65070
324	65121
325	65173
324	65224
324	65275
324	65328
324	65379
324	65431
324	65482
323	65533
324	65586
324	65637
324	65689
323	65740
323	65792
323	65844
323	65895
323	65947
323	65998
323	66050
323	66102
322	66153
323	66205
323	66256
322	66308
322	66360
322	66411
322	66463
322	66514
322	66566
322	66618
322	66669
322	66721
322	66772
322	66824
322	66876
322	66927
322	66979
322	67031
321	67082
322	67134
322	67185
321	67237
322	67289
321	67340
322	67392
321	67443
322	67495
322	67547
321	67598
321	67650
321	67701
321	67753
322	67805
321	67856
321	67908
321	67959
321	68012
321	68063
321	68114
321	68166
321	68217
321	68270
321	68321
321	68372
321	68424
321	68475
321	68528
321	68579
322	68630
322	68682
321	68733
321	68786
321	68837
322	68888
321	68940
321	68992
321	69044
321	69095
322	69146
321	69198
322	69250
322	69302
322	69353
322	69404
322	69456
321	69508
322	69560
322	69611
322	69662
322	69714
322	69766
322	69818
322	69869
322	69920
322	69972
322	70024
322	70076
322	70127
322	70178
323	70231
323	70282
323	70334
323	70385
323	70436
323	70489
323	70540
323	70592
323	70643
323	70694
323	70747
323	70798
323	70850
323	70901
323	70952
323	71005
322	71056
323	71108
322	71159
322	71211
322	71263
322	71314
323	71366
322	71417
323	71469
323	71521
323	71572
323	71624
323	71675
323	71727
323	71779
323	71830
323	71882
323	71933
323	71985
323	72037
323	72088
323	72140
322	72192
323	72243
323	72295
323	72346
322	72398
323	72450
323	72501
323	72553
322	72604
322	72656
322	72708
323	72759
322	72811
323	72862
322	72914
322	72966
323	73017
322	73069
322	73120
322	73172
322	73224
322	73275
322	73327
322	73378
321	73431
321	73482
321	73533
321	73585
321	73636
321	73689
321	73740
320	73791
320	73843
320	73894
320	73947
320	73998
319	74049
319	74101
319	74152
319	74205
319	74256
318	74307
318	74359
318	74411
318	74463
318	74514
317	74565
317	74617
317	74669
317	74721
317	74772
317	74823
317	74875
317	74927
317	74979
316	75030
317	75081
316	75133
316	75185
316	75237
316	75288
316	75339
316	75392
315	75443
315	75495
315	75546
315	75597
314	75650
315	75701
314	75753
314	75804
314	75855
314	75908
314	75959
313	76011
313	76062
314	76113
313	76166
313	76217
313	76269
313	76320
313	76371
313	76424
313	76475
312	76527
312	76578
312	76630
312	76682
312	76733
312	76785
312	76836
312	76888
312	76940
312	76991
311	77043
311	77094
311	77146
311	77198
311	77249
311	77301
311	77352
311	77404
311	77456
310	77507
310	77559
310	77611
310	77662
310	77714
310	77765
310	77817
309	77869
309	77920
309	77972
309	78023
309	78075
308	78127
309	78178
308	78230
308	78281
308	78333
308	78385
308	78436
307	78488
307	78539
307	78592
307	78643
307	78694
307	78746
307	78797
306	78850
307	78901
306	78952
306	79004
306	79055
306	79108
306	79159
306	79210
306	79262
305	79313
305	79366
305	79417
305	79468
305	79520
305	79571
305	79624
305	79675
305	79726
305	79778
305	79830
305	79882
305	79933
304	79984
305	80036
304	80088
304	80140
304	80191
304	80242
304	80294
304	80346
304	80398
304	80449
304	80500
305	80552
305	80604
305	80656
305	80707
306	80758
306	80811
305	80862
305	80914
305	80965
305	81016
305	81069
305	81120
306	81172
307	81223
307	81274
307	81327
307	81378
307	81430
307	81481
307	81532
307	81585
307	81636
307	81688
307	81739
307	81790
307	81843
308	81894
308	81946
307	81997
307	82049
307	82101
308	82152
307	82204
307	82255
307	82307
307	82359
307	82410
307	82462
307	82513
306	82565
306	82617
305	82668
304	82720
304	82771
303	82823
302	82875
301	82926
300	82978
299	83030
298	83081
298	83133
297	83184
295	83236
294	83288
293	83339
293	83391
291	83442
291	83494
289	83546
288	83597
287	83649
286	83700
286	83752
285	83804
285	83855
284	83907
283	83958
283	84011
283	84062
282	84113
281	84165
280	84216
280	84269
279	84320
278	84371
277	84423
277	84474
276	84527
275	84578
274	84629
274	84681
273	84732
273	84785
272	84836
272	84887
271	84939
271	84990
270	85043
270	85094
269	85145
269	85197
269	85249
268	85301
268	85352
268	85403
267	85455
267	85507
266	85559
266	85610
265	85661
265	85713
264	85765
264	85817
264	85868
263	85919
263	85971
263	86023
263	86075
263	86126
263	86177
263	86230
263	86281
263	86333
263	86384
263	86435
263	86488
263	86539
263	86591
263	86642
263	86693
263	86746
263	86797
263	86849
263	86900
263	86951
263	87004
263	87055
263	87107
263	87158
263	87209
263	87262
263	87313
263	87365
263	87416
263	87468
262	87520
262	87571
262	87623
262	87674
262	87726
262	87778
262	87829
262	87881
262	87932
262	87984
262	88036
262	88087
261	88139
261	88190
261	88242
261	88294
261	88345
261	88397
261	88449
261	88500
261	88552
261	88603
261	88655
261	88707
261	88758
261	88810
262	88861
261	88913
262	88965
261	89016
261	89068
261	89119
262	89171
262	89223
262	89274
262	89326
263	89377
263	89430
263	89481
263	89532
264	89584
264	89635
264	89688
264	89739
264	89790
264	89842
264	89893
265	89946
265	89997
267	90048
269	90100
268	90151
266	90204
265	90255
265	90306
266	90358
267	90409
267	90462
265	90513
266	90564
267	90616
267	90668
267	90720
268	90771
268	90822
268	90874
268	90926
268	90978
268	91029
268	91080
268	91132
269	91184
269	91236
269	91287
269	91338
269	91390
269	91442
270	91494
270	91545
270	91596
270	91649
270	91700
270	91752
271	91803
271	91854
271	91907
271	91958
271	92010
271	92061
271	92112
272	92165
272	92216
272	92268
272	92319
272	92370
272	92423
272	92474
272	92526
272	92577
272	92628
273	92681
273	92732
273	92784
273	92835
273	92887
273	92939
273	92990
273	93042
273	93093
273	93145
273	93197
274	93248
274	93300
273	93351
274	93403
274	93455
274	93506
274	93558
274	93609
274	93661
274	93713
275	93764
275	93816
274	93868
275	93919
275	93971
274	94022
275	94074
275	94126
275	94177
275	94229
275	94280
275	94332
275	94384
275	94435
275	94487
275	94538
275	94590
276	94642
276	94693
275	94745
275	94796
276	94849
276	94900
276	94951
276	95003
276	95054
276	95107
276	95158
276	95209
276	95261
277	95312
277	95365
277	95416
277	95467
277	95519
277	95570
277	95623
277	95674
278	95725
278	95777
278	95828
278	95881
278	95932
279	95983
279	96035
279	96087
279	96139
279	96190
279	96241
279	96293
279	96345
279	96397
279	96448
280	96499
279	96551
280	96603
280	96655
280	96706
280	96757
280	96809
280	96861
279	96913
279	96964
280	97015
281	97068
281	97119
281	97171
281	97222
281	97273
281	97326
282	97377
282	97429
281	97480
281	97531
281	97584
282	97635
282	97687
283	97738
283	97789
283	97842
283	97893
282	97945
283	97996
283	98048
284	98100
284	98151
285	98203
285	98254
285	98306
285	98358
285	98409
286	98461
286	98512
286	98564
286	98616
286	98667
286	98719
286	98770
287	98822
287	98874
287	98925
287	98977
287	99028
287	99080
287	99132
287	99183
288	99235
288	99287
288	99338
288	99390
289	99441
288	99493
289	99545
289	99596
289	99648
289	99699
289	99751
289	99803
289	99854
290	99906
290	99957
290	100009
290	100061
291	100112
291	100164
291	100215
291	100268
291	100319
291	100371
291	100422
292	100474
291	100526
292	100577
292	100629
292	100680
292	100732
292	100784
293	100836
293	100887
293	100939
293	100990
293	101042
293	101094
293	101145
293	101197
294	101249
294	101301
294	101352
294	101404
294	101455
294	101508
295	101559
295	101610
295	101662
295	101713
295	101766
295	101817
295	101869
296	101920
296	101972
296	102024
296	102075
296	102127
296	102178
297	102231
296	102282
297	102334
297	102385
297	102437
297	102489
297	102540
297	102592
297	102643
297	102695
297	102747
297	102799
297	102850
298	102902
298	102953
297	103005
298	103057
298	103108
298	103160
298	103212
298	103264
298	103315
298	103367
298	103418
298	103470
298	103522
298	103573
298	103625
298	103676
298	103729
298	103780
298	103831
298	103883
298	103934
298	103987
298	104038
298	104090
298	104141
298	104194
298	104245
299	104296
299	104348
299	104399
299	104452
299	104503
299	104555
299	104606
299	104657
299	104710
299	104761
299	104813
299	104864
299	104916
299	104968
299	105020
300	105071
300	105122
300	105175
300	105226
300	105278
300	105329
300	105381
300	105433
300	105485
300	105536
300	105588
300	105639
300	105691
300	105743
301	105794
301	105846
301	105897
301	105950
301	106001
302	106053
301	106104
302	106156
302	106208
302	106259
302	106311
302	106362
302	106415
302	106466
302	106518
303	106569
303	106620
303	106673
303	106724
303	106776
303	106827
303	106880
303	106931
304	106983
304	107034
304	107086
304	107138
304	107189
304	107241
304	107292
304	107344
305	107396
305	107448
305	107499
305	107551
305	107602
305	107654
305	107706
305	107757
306	107809
306	107860
306	107913
306	107964
306	108016
306	108067
306	108119
306	108171
306	108222
307	108274
307	108325
307	108378
307	108429
307	108481
308	108532
307	108584
308	108636
308	108687
308	108739
308	108790
308	108843
308	108894
309	108946
309	108997
309	109048
308	109101
309	109152
309	109204
309	109255
309	109307
309	109359
309	109411
309	109462
310	109514
309	109565
310	109617
310	109669
310	109720
310	109772
310	109824
310	109876
310	109927
310	109979
310	110030
310	110082
310	110134
310	110185
311	110237
311	110288
311	110341
311	110392
311	110444
311	110495
311	110547
311	110599
311	110650
311	110702
312	110753
311	110806
311	110857
312	110909
311	110960
312	111012
312	111064
312	111115
312	111167
312	111218
312	111270
312	111322
312	111374
311	111425
311	111477
310	111528
310	111581
310	111632
310	111683
310	111735
310	111787
310	111839
310	111890
310	111942
310	111993
310	112046
310	112097
310	112148
310	112200
310	112251
310	112304
309	112355
310	112407
310	112458
310	112510
309	112562
310	112613
310	112665
310	112716
310	112769
310	112820
310	112872
310	112923
310	112975
310	113027
310	113078
310	113130
310	113181
311	113233
310	113285
311	113337
311	113388
311	113440
311	113491
311	113544
311	113595
311	113646
311	113698
311	113750
311	113802
311	113853
311	113905
311	113956
311	114009
311	114060
311	114111
311	114163
311	114214
311	114267
311	114318
311	114370
311	114421
311	114473
311	114525
311	114577
311	114628
311	114679
311	114732
311	114783
312	114835
312	114886
312	114938
311	114990
311	115042
311	115093
311	115144
312	115196
312	115248
312	115300
312	115351
312	115403
312	115454
312	115507
312	115558
312	115610
312	115661
312	115713
312	115765
311	115816
312	115868
313	115919
314	115972
314	116023
315	116075
315	116126
314	116178
314	116230
313	116281
313	116333
315	116384
316	116436
317	116488
317	116540
317	116591
318	116643
318	116695
318	116746
318	116798
318	116849
318	116901
318	116953
318	117005
318	117056
319	117108
318	117159
318	117212
319	117263
319	117314
319	117366
319	117417
319	117470
319	117521
319	117573
319	117624
319	117677
319	117728
319	117780
319	117831
319	117882
319	117935
319	117986
319	118038
319	118089
319	118141
319	118193
320	118245
319	118296
320	118347
319	118400
320	118451
320	118503
320	118554
320	118606
320	118658
320	118710
320	118761
320	118812
320	118864
320	118916
320	118968
320	119019
320	119071
320	119122
320	119175
320	119226
320	119277
321	119329
321	119380
321	119433
321	119484
321	119536
321	119587
321	119640
321	119691
321	119742
321	119794
321	119845
321	119898
321	119949
321	120001
321	120052
321	120104
321	120156
321	120207
321	120259
321	120310
321	120363
321	120414
321	120466
321	120517
321	120569
321	120621
321	120672
322	120724
321	120775
321	120827
321	120879
321	120931
321	120982
321	121034
322	121085
321	121137
322	121189
322	121240
321	121292
321	121344
321	121396
322	121447
322	121499
322	121550
322	121603
322	121654
322	121705
321	121757
321	121808
321	121861
321	121912
322	121964
321	122015
322	122066
322	122119
321	122170
321	122222
322	122273
322	122326
322	122377
322	122429
322	122480
322	122531
322	122584
322	122635
322	122687
322	122738
322	122790
322	122842
322	122894
322	122945
322	122996
322	123048
322	123100
322	123152
322	123203
322	123255
322	123307
322	123359
322	123410
322	123461
322	123513
322	123565
322	123617
322	123668
322	123720
322	123771
322	123824
322	123875
322	123926
322	123978
323	124029
322	124082
322	124133
323	124185
322	124236
323	124288
323	124340
323	124391
323	124443
323	124494
323	124547
323	124598
323	124650
323	124701
323	124752
323	124805
323	124856
323	124908
323	124959
323	125011
323	125063
323	125115
323	125166
323	125217
323	125270
323	125321
323	125373
323	125424
323	125476
323	125528
324	125580
323	125631
323	125682
323	125734
323	125786
323	125838
323	125889
324	125941
323	125992
324	126045
324	126096
323	126147
324	126199
323	126251
324	126303
324	126354
324	126406
324	126457
323	126510
324	126561
324	126612
324	126664
324	126715
324	126768
324	126819
324	126871
324	126922
324	126974
324	127026
324	127077
324	127129
324	127180
324	127233
324	127284
324	127336
325	127387
324	127439
324	127491
324	127543
324	127594
324	127645
324	127697
324	127749
325	127801
325	127852
325	127904
325	127955
324	128008
325	128059
325	128111
325	128162
325	128214
325	128266
325	128317
325	128369
325	128420
325	128473
325	128524
325	128575
325	128627
325	128678
325	128731
325	128782
325	128834
325	128885
325	128936
325	128989
325	129040
325	129092
325	129143
325	129196
325	129247
326	129299
325	129350
325	129401
326	129454
325	129505
326	129557
326	129608
326	129660
326	129712
326	129763
326	129815
326	129866
326	129918
326	129970
326	130022
326	130073
326	130125
326	130177
326	130228
326	130280
326	130331
326	130383
326	130435
326	130487
326	130538
326	130590
326	130641
326	130693
326	130745
326	130796
326	130848
326	130899
326	130952
326	131003
327	131054
326	131106
327	131158
327	131210
326	131261
327	131313
327	131364
327	131417
326	131468
327	131519
327	131571
327	131622
327	131675
327	131726
327	131778
327	131829
327	131881
327	131933
327	131984
327	132036
327	132087
327	132140
327	132191
327	132243
327	132294
327	132346
327	132398
327	132449
327	132501
327	132552
327	132604
327	132656
327	132708
327	132759
327	132811
327	132862
327	132914
327	132966
327	133017
327	133069
327	133121
327	133173
327	133224
327	133276
327	133327
327	133379
327	133431
327	133482
327	133534
327	133585
327	133638
327	133689
327	133741
327	133792
327	133843
327	133896
327	133947
327	133999
327	134050
327	134103
327	134154
327	134206
326	134257
327	134308
326	134361
326	134412
326	134464
326	134515
326	134567
326	134619
326	134671
326	134722
326	134773
326	134825
326	134877
326	134929
326	134980
326	135032
326	135084
326	135136
326	135187
326	135238
326	135290
326	135342
326	135394
326	135445
326	135497
326	135548
326	135601
326	135652
326	135704
326	135755
326	135806
326	135859
326	135910
326	135962
326	136013
326	136066
326	136117
326	136169
326	136220
326	136271
326	136324
326	136375
326	136427
326	136478
326	136530
326	136582
326	136634
326	136685
326	136736
326	136788
326	136840
326	136892
326	136943
326	136995
326	137047
326	137099
326	137150
326	137201
326	137253
326	137305
326	137357
326	137408
326	137460
326	137511
326	137564
326	137615
326	137666
326	137718
326	137769
326	137822
326	137873
326	137925
326	137976
326	138029
326	138080
325	138131
326	138183
326	138234
325	138287
325	138338
326	138390
325	138441
325	138493
325	138545
325	138596
325	138648
325	138699
325	138752
325	138803
325	138855
325	138906
325	138958
325	139010
325	139061
325	139113
325	139164
324	139216
325	139268
324	139320
324	139371
324	139423
324	139474
324	139526
324	139578
324	139629
324	139681
324	139732
324	139785
324	139836
324	139888
323	139939
323	139991
323	140043
323	140094
323	140146
323	140197
323	140250
323	140301
323	140353
323	140404
322	140455
322	140508
322	140559
322	140611
322	140662
322	140715
322	140766
322	140818
321	140869
322	140921
321	140973
322	141024
321	141076
321	141127
321	141179
321	141231
321	141283
321	141334
321	141386
321	141437
321	141489
321	141541
321	141592
321	141644
321	141696
321	141748
321	141799
321	141851
321	141902
320	141954
321	142006
321	142057
321	142109
321	142160
321	142213
321	142264
321	142316
321	142367
321	142418
320	142471
321	142522
320	142574
321	142625
320	142678
320	142729
320	142781
320	142832
321	142883
320	142936
320	142987
320	143039
320	143090
320	143142
320	143194
320	143246
320	143297
320	143348
320	143400
320	143452
320	143504
320	143555
320	143607
320	143659
320	143710
320	143762
320	143813
320	143865
320	143917
320	143969
320	144020
320	144071
320	144123
319	144175
319	144227
319	144278
319	144330
319	144381
319	144434
319	144485
319	144536
319	144588
319	144640
319	144692
319	144743
319	144795
319	144846
319	144899
318	144950
319	145001
319	145053
319	145104
319	145157
319	145208
319	145260
318	145311
319	145363
319	145415
318	145467
319	145518
319	145569
319	145622
318	145673
319	145725
319	145776
318	145828
319	145880
319	145932
319	145983
319	146035
319	146086
319	146138
319	146190
319	146241
319	146293
319	146344
319	146397
319	146448
319	146500
319	146551
319	146603
319	146655
319	146706
319	146758
319	146809
319	146862
319	146913
319	146965
319	147016
319	147067
319	147120
319	147171
319	147223
319	147274
319	147326
319	147378
319	147430
319	147481
319	147533
319	147585
319	147636
319	147688
319	147739
319	147791
319	147843
319	147895
319	147946
319	147998
319	148049
319	148101
319	148153
319	148204
319	148256
319	148307
319	148360
319	148411
319	148463
319	148514
319	148567
319	148618
319	148669
319	148721
319	148772
319	148825
319	148876
319	148928
319	148979
319	149031
319	149083
320	149135
319	149186
319	149237
319	149289
319	149341
320	149393
319	149444
320	149496
319	149548
320	149600
320	149651
319	149702
320	149754
319	149806
320	149858
320	149909
320	149961
320	150012
320	150065
320	150116
320	150168
320	150219
320	150270
320	150323
320	150374
320	150426
319	150477
320	150530
320	150581
320	150633
320	150684
320	150735
320	150788
320	150839
320	150891
320	150942
320	150994
320	151046
320	151098
320	151149
320	151200
319	151252
318	151304
318	151356
318	151407
318	151459
319	151511
319	151563
320	151614
320	151666
320	151717
320	151769
320	151821
320	151872
320	151924
319	151975
319	152028
319	152079
320	152131
320	152182
320	152235
320	152286
320	152337
319	152389
318	152440
318	152493
318	152544
319	152596
319	152647
319	152699
319	152751
319	152803
319	152854
319	152905
319	152957
318	153009
317	153061
316	153112
316	153164
317	153216
318	153268
318	153319
318	153370
318	153422
318	153474
318	153526
318	153577
318	153629
318	153680
318	153733
318	153784
318	153836
318	153887
318	153938
318	153991
318	154042
318	154094
318	154145
318	154198
318	154249
317	154301
317	154352
317	154403
317	154456
317	154507
317	154559
317	154610
317	154662
317	154714
317	154766
317	154817
317	154869
317	154920
317	154972
317	155024
317	155075
317	155127
316	155179
317	155231
316	155282
316	155334
316	155385
316	155437
316	155489
316	155540
316	155592
316	155643
315	155696
316	155747
315	155799
315	155850
315	155902
315	155954
315	156005
315	156057
315	156108
315	156161
315	156212
315	156264
315	156315
315	156367
314	156419
314	156471
315	156522
315	156573
315	156625
314	156677
314	156729
314	156780
315	156832
315	156883
314	156936
315	156987
315	157039
315	157090
314	157142
315	157194
315	157245
314	157297
315	157348
315	157401
315	157452
315	157504
315	157555
315	157607
315	157659
315	157710
315	157762
315	157813
315	157865
315	157917
315	157969
315	158020
315	158072
315	158124
315	158175
315	158227
315	158278
315	158330
315	158382
315	158434
315	158485
315	158537
315	158588
315	158641
315	158692
315	158743
315	158795
315	158846
315	158899
315	158950
315	159002
315	159053
315	159106
315	159157
315	159208
315	159260
315	159311
315	159364
315	159415
315	159467
315	159518
315	159570
315	159622
315	159673
315	159725
315	159776
315	159828
315	159880
315	159932
315	159983
315	160035
315	160087
315	160139
315	160190
315	160241
315	160293
315	160345
315	160397
315	160448
315	160500
315	160551
315	160604
315	160655
315	160707
315	160758
315	160809
315	160862
315	160913
315	160965
315	161016
315	161069
316	161120
315	161172
316	161223
315	161275
316	161327
316	161378
315	161430
315	161481
316	161533
316	161585
316	161637
316	161688
316	161740
316	161792
316	161843
316	161895
316	161946
316	161998
316	162050
316	162102
316	162153
316	162205
316	162256
316	162309
316	162360
316	162411
316	162463
316	162514
316	162567
316	162618
316	162670
316	162721
316	162774
316	162825
315	162876
315	162928
315	162979
315	163032
315	163083
315	163135
315	163186
315	163238
315	163290
315	163341
315	163393
315	163444
315	163496
314	163548
314	163600
314	163651
314	163703
314	163755
314	163806
314	163858
314	163909
314	163961
314	164013
314	164065
314	164116
313	164168
314	164219
313	164271
313	164323
313	164374
313	164426
313	164477
313	164530
313	164581
313	164633
313	164684
313	164736
313	164788
313	164839
313	164891
313	164942
313	164995
313	165046
313	165098
313	165149
313	165200
313	165253
313	165304
313	165356
313	165407
313	165459
313	165511
313	165563
313	165614
313	165665
313	165718
313	165769
313	165821
313	165872
313	165924
313	165976
313	166028
313	166079
313	166131
313	166182
313	166234
313	166286
313	166337
312	166389
312	166440
313	166493
312	166544
313	166596
312	166647
313	166699
312	166751
312	166802
312	166854
312	166905
312	166958
312	167009
312	167061
312	167112
312	167163
313	167216
312	167267
313	167319
313	167370
312	167422
312	167474
312	167526
313	167577
313	167628
313	167681
312	167732
313	167784
313	167835
313	167887
312	167939
313	167991
312	168042
313	168094
313	168145
313	168197
313	168249
313	168300
313	168352
313	168403
313	168456
313	168507
313	168559
313	168610
313	168662
313	168714
313	168765
313	168817
313	168868
313	168921
313	168972
313	169024
313	169075
313	169126
313	169179
313	169230
313	169282
313	169333
313	169385
313	169437
313	169489
313	169540
313	169591
313	169644
313	169695
313	169747
313	169798
313	169850
313	169902
313	169954
313	170005
313	170056
313	170108
313	170160
313	170212
314	170263
313	170315
314	170366
313	170419
314	170470
313	170522
314	170573
314	170625
313	170677
314	170728
314	170780
314	170831
314	170884
314	170935
314	170987
314	171038
314	171089
314	171142
314	171193
314	171245
314	171296
314	171348
314	171400
314	171452
314	171503
314	171555
314	171607
314	171658
314	171710
314	171761
314	171813
314	171865
314	171917
315	171968
314	172020
315	172071
314	172123
315	172175
315	172226
315	172278
315	172329
314	172382
315	172433
315	172485
315	172536
315	172589
315	172640
315	172691
315	172743
315	172794
315	172847
315	172898
315	172950
315	173001
315	173053
315	173105
315	173157
315	173208
315	173259
315	173312
315	173363
315	173415
316	173466
315	173518
316	173570
315	173622
315	173673
315	173724
315	173776
315	173828
315	173880
316	173931
316	173983
316	174034
316	174087
316	174138
316	174189
315	174241
316	174292
316	174345
316	174396
316	174448
316	174499
316	174552
316	174603
316	174654
316	174706
316	174757
316	174810
316	174861
316	174913
316	174964
316	175016
316	175068
316	175119
316	175171
316	175222
316	175275
316	175326
316	175378
316	175429
316	175481
316	175533
316	175584
316	175636
317	175687
316	175739
317	175791
317	175843
316	175894
317	175946
316	175997
317	176050
317	176101
317	176152
317	176204
316	176256
317	176308
317	176359
317	176411
317	176462
316	176515
317	176566
317	176618
317	176669
317	176720
317	176773
317	176824
317	176876
317	176927
317	176979
317	177031
317	177083
317	177134
317	177186
317	177238
316	177289
316	177341
316	177392
316	177444
316	177496
316	177548
316	177599
316	177651
316	177702
315	177754
316	177806
315	177857
315	177909
315	177960
315	178013
315	178064
314	178116
314	178167
314	178219
314	178271
314	178322
313	178374
313	178425
313	178478
312	178529
313	178581
312	178632
312	178684
312	178736
311	178787
312	178839
311	178890
311	178942
311	178994
311	179046
311	179097
310	179149
310	179201
310	179252
310	179304
310	179355
310	179407
310	179459
309	179511
309	179562
309	179614
309	179665
309	179717
309	179769
309	179820
309	179872
309	179923
309	179976
309	180027
309	180079
309	180130
308	180183
308	180234
308	180285
308	180337
308	180388
308	180441
307	180492
308	180544
307	180595
307	180647
307	180699
307	180750
307	180802
306	180853
306	180905
306	180957
306	181009
306	181060
306	181112
305	181164
305	181215
305	181267
305	181318
305	181370
305	181422
305	181474
304	181525
304	181577
304	181628
304	181680
304	181732
304	181783
304	181835
304	181886
304	181939
304	181990
304	182042
304	182093
304	182146
304	182197
304	182248
304	182300
304	182351
304	182404
304	182455
304	182507
304	182558
304	182610
304	182662
304	182713
304	182765
304	182816
304	182868
304	182920
304	182972
304	183023
304	183075
304	183127
304	183179
304	183230
304	183281
304	183333
304	183385
304	183437
304	183488
304	183540
304	183591
304	183644
304	183695
304	183747
304	183798
304	183849
304	183902
304	183953
304	184005
304	184056
304	184109
304	184160
304	184212
304	184263
304	184315
304	184367
304	184418
304	184470
304	184521
304	184573
304	184625
304	184677
304	184728
304	184780
304	184832
304	184883
304	184935
304	184986
304	185038
304	185090
304	185142
304	185193
304	185245
305	185296
304	185349
304	185400
304	185451
305	185503
305	185554
305	185607
305	185658
305	185710
305	185761
305	185814
305	185865
305	185916
305	185968
305	186019
305	186072
305	186123
305	186175
305	186226
305	186278
305	186330
305	186382
305	186433
305	186484
306	186536
305	186588
305	186640
305	186691
305	186743
305	186795
305	186847
305	186898
305	186949
305	187001
306	187053
306	187105
306	187156
305	187208
306	187259
306	187312
306	187363
306	187414
306	187466
306	187517
306	187570
306	187621
306	187673
306	187724
306	187777
306	187828
306	187880
306	187931
306	187982
306	188035
306	188086
306	188138
306	188189
306	188241
306	188293
306	188345
306	188396
306	188447
306	188499
306	188551
306	188603
306	188654
306	188706
306	188758
306	188810
305	188861
305	188912
305	188964
305	189016
305	189068
305	189119
305	189171
305	189222
305	189275
305	189326
305	189378
305	189429
305	189480
305	189533
305	189584
305	189636
305	189687
305	189740
305	189791
305	189843
305	189894
305	189945
305	189998
305	190049
305	190101
305	190152
305	190204
305	190256
305	190308
305	190359
305	190411
305	190462
305	190514
305	190566
305	190617
305	190669
305	190721
305	190773
305	190824
305	190876
306	190927
305	190979
305	191031
305	191082
305	191134
305	191185
305	191238
305	191289
305	191341
306	191392
305	191444
305	191496
306	191547
306	191599
306	191650
305	191703
306	191754
306	191806
306	191857
306	191909
306	191961
306	192012
306	192064
306	192115
306	192167
306	192219
306	192271
306	192322
306	192374
306	192425
306	192477
306	192529
306	192580
306	192632
306	192684
306	192736
307	192787
306	192839
306	192890
306	192943
306	192994
307	193045
306	193097
307	193148
306	193201
306	193252
307	193304
307	193355
307	193408
307	193459
307	193510
307	193562
307	193613
307	193666
306	193717
306	193769
306	193820
306	193872
306	193924
306	193976
306	194027
305	194078
305	194130
305	194182
305	194234
304	194285
304	194337
304	194388
303	194441
303	194492
303	194544
302	194595
302	194647
301	194699
301	194750
300	194802
300	194853
299	194906
299	194957
299	195009
298	195060
297	195111
297	195164
297	195215
296	195267
296	195318
296	195371
296	195422
295	195474
295	195525
295	195577
295	195629
294	195680
294	195732
294	195783
293	195835
293	195887
293	195939
293	195990
293	196042
292	196093
293	196145
292	196197
292	196248
292	196300
291	196352
291	196404
291	196455
291	196507
291	196558
291	196611
291	196662
290	196713
290	196765
290	196816
291	196869
290	196920
290	196972
290	197023
290	197075
290	197127
290	197178
290	197230
290	197281
290	197334
290	197385
290	197437
290	197488
290	197540
290	197592
290	197644
290	197695
290	197746
289	197798
290	197850
290	197902
289	197953
289	198005
289	198056
289	198109
289	198160
289	198211
289	198263
289	198315
289	198367
289	198418
289	198470
289	198521
289	198574
289	198625
289	198677
289	198728
289	198779
289	198832
289	198883
289	198935
289	198986
289	199038
289	199090
290	199142
289	199193
289	199244
289	199297
289	199348
289	199400
289	199451
290	199503
290	199555
290	199607
290	199658
290	199710
290	199761
290	199813
290	199865
290	199916
290	199968
290	200019
290	200072
290	200123
290	200175
291	200226
290	200278
291	200330
291	200381
291	200433
291	200484
291	200537
291	200588
291	200640
291	200691
291	200743
291	200795
291	200846
292	200898
292	200949
292	201001
292	201053
292	201105
292	201156
292	201208
292	201260
292	201311
293	201363
292	201414
292	201466
293	201518
293	201570
293	201621
